Status,Adult Mortality,BMI,HIV/AIDS,Diphtheria,thinness  1-19 years,Polio,GDP,Alcohol,Income composition of resources,Schooling,Life expectancy
0,263.0,19.1,0.1,65.0,17.2,6.0,584.25921,0.01,0.479,10.1,65.0
0,271.0,18.6,0.1,62.0,17.5,58.0,612.696514,0.01,0.476,10.0,59.9
0,268.0,18.1,0.1,64.0,17.7,62.0,631.744976,0.01,0.47,9.9,59.9
0,272.0,17.6,0.1,67.0,17.9,67.0,669.959,0.01,0.463,9.8,59.5
0,275.0,17.2,0.1,68.0,18.2,68.0,63.537231,0.01,0.454,9.5,59.2
0,279.0,16.7,0.1,66.0,18.4,66.0,553.32894,0.01,0.448,9.2,58.8
0,281.0,16.2,0.1,63.0,18.6,63.0,445.8932979,0.01,0.434,8.9,58.6
0,287.0,15.7,0.1,64.0,18.8,64.0,373.3611163,0.03,0.433,8.7,58.1
0,295.0,15.2,0.1,63.0,19.0,63.0,369.835796,0.02,0.415,8.4,57.5
0,295.0,14.7,0.1,58.0,19.2,58.0,272.56377,0.03,0.405,8.1,57.3
0,291.0,14.2,0.1,58.0,19.3,58.0,25.2941299,0.02,0.396,7.9,57.3
0,293.0,13.8,0.1,5.0,19.5,5.0,219.1413528,0.02,0.381,6.8,57.0
0,295.0,13.4,0.1,41.0,19.7,41.0,198.7285436,0.01,0.373,6.5,56.7
0,3.0,13.0,0.1,36.0,19.9,36.0,187.84595,0.01,0.341,6.2,56.2
0,316.0,12.6,0.1,33.0,2.1,35.0,117.49698,0.01,0.34,5.9,55.3
0,321.0,12.2,0.1,24.0,2.3,24.0,114.56,0.01,0.338,5.5,54.8
0,74.0,58.0,0.1,99.0,1.2,99.0,3954.22783,4.6,0.762,14.2,77.8
0,8.0,57.2,0.1,98.0,1.2,98.0,4575.763787,4.51,0.761,14.2,77.5
0,84.0,56.5,0.1,99.0,1.3,99.0,4414.72314,4.76,0.759,14.2,77.2
0,86.0,55.8,0.1,99.0,1.3,99.0,4247.61438,5.14,0.752,14.2,76.9
0,88.0,55.1,0.1,99.0,1.4,99.0,4437.17868,5.37,0.738,13.3,76.6
0,91.0,54.3,0.1,99.0,1.4,99.0,494.358832,5.28,0.725,12.5,76.2
0,91.0,53.5,0.1,98.0,1.5,98.0,4114.136545,5.79,0.721,12.2,76.1
0,1.0,52.6,0.1,99.0,1.6,99.0,437.539647,5.61,0.713,12.0,75.3
0,9.0,51.7,0.1,98.0,1.6,99.0,363.13685,5.58,0.703,11.6,75.9
0,99.0,5.8,0.1,97.0,1.7,97.0,35.1293,5.31,0.696,11.4,74.2
0,15.0,49.9,0.1,98.0,1.8,97.0,279.142931,5.16,0.685,10.8,73.5
0,17.0,48.9,0.1,97.0,1.8,98.0,2416.588235,4.54,0.681,10.9,73.0
0,18.0,47.9,0.1,97.0,1.9,97.0,189.681557,4.29,0.674,10.7,72.8
0,15.0,46.9,0.1,98.0,2.0,98.0,1453.642777,3.73,0.67,10.7,73.3
0,14.0,46.0,0.1,97.0,2.1,97.0,1326.97339,4.25,0.662,10.6,73.6
0,11.0,45.0,0.1,97.0,2.1,97.0,1175.788981,3.66,0.656,10.7,72.6
0,19.0,59.5,0.1,95.0,6.0,95.0,4132.76292,3.755,0.743,14.4,75.6
0,11.0,58.4,0.1,95.0,6.0,95.0,547.8517,0.01,0.741,14.4,75.4
0,112.0,57.2,0.1,95.0,5.9,95.0,5471.866766,0.53,0.737,14.4,75.3
0,113.0,56.1,0.1,95.0,5.9,95.0,5564.82566,0.66,0.732,14.4,75.1
0,116.0,55.0,0.1,95.0,5.9,95.0,5432.2523,0.56,0.724,14.0,74.9
0,119.0,53.9,0.1,95.0,5.9,95.0,4463.394675,0.45,0.714,13.6,74.7
0,123.0,52.8,0.1,95.0,6.0,94.0,3868.83123,0.5,0.705,13.1,74.4
0,126.0,51.8,0.1,93.0,6.0,92.0,495.254866,0.46,0.697,12.6,74.1
0,129.0,5.8,0.1,95.0,6.0,95.0,3935.183343,0.44,0.69,12.3,73.8
0,132.0,49.8,0.1,95.0,6.1,95.0,3464.6179,0.36,0.686,12.3,73.4
0,136.0,48.9,0.1,88.0,6.1,88.0,31.122378,0.5,0.68,12.0,72.9
0,14.0,47.9,0.1,86.0,6.2,86.0,2598.9823,0.45,0.673,11.7,72.3
0,146.0,47.0,0.1,87.0,6.3,87.0,294.33556,0.34,0.663,11.5,71.7
0,145.0,46.1,0.1,86.0,6.3,86.0,1774.33673,0.36,0.653,11.1,71.6
0,145.0,45.3,0.1,89.0,6.4,89.0,1732.857979,0.23,0.644,10.9,71.4
0,145.0,44.4,0.1,86.0,6.5,86.0,1757.17797,0.25,0.636,10.7,71.3
0,335.0,23.3,1.9,64.0,8.3,7.0,3695.793748,3.755,0.531,11.4,52.4
0,348.0,22.7,2.0,64.0,8.5,68.0,479.31224,8.33,0.527,11.4,51.7
0,355.0,22.1,2.3,77.0,8.6,67.0,484.616884,8.1,0.523,11.4,51.1
0,358.0,21.5,2.6,75.0,8.8,75.0,4598.249988,8.24,0.508,10.3,56.0
0,361.0,21.0,2.5,71.0,8.9,73.0,4299.12889,8.06,0.495,9.4,51.0
0,365.0,2.4,2.5,77.0,9.1,81.0,3529.53482,7.8,0.488,9.0,49.6
0,369.0,19.8,2.5,6.0,9.3,63.0,3347.84485,7.01,0.48,8.5,49.1
0,371.0,19.3,2.6,69.0,9.5,65.0,3868.578883,7.07,0.468,8.1,48.7
0,375.0,18.8,2.6,73.0,9.6,75.0,2878.837144,6.35,0.454,7.7,48.2
0,381.0,18.2,2.5,34.0,9.8,36.0,262.415149,5.84,0.439,7.2,47.7
0,382.0,17.7,2.6,38.0,1.0,39.0,1443.991929,5.04,0.426,6.8,47.4
0,386.0,17.2,2.5,4.0,1.2,4.0,141.86844,3.53,0.415,6.4,47.1
0,388.0,16.8,2.4,4.0,1.4,4.0,779.468356,3.49,0.406,5.9,46.8
0,391.0,16.3,2.3,41.0,1.5,37.0,711.181716,2.82,0.401,5.5,46.5
0,44.0,15.8,2.1,38.0,1.7,41.0,526.168743,2.58,0.391,5.1,45.7
0,48.0,15.4,2.0,28.0,1.9,3.0,555.2969419,1.85,0.382,4.6,45.3
0,13.0,47.7,0.2,99.0,3.3,86.0,13566.9541,3.755,0.784,13.9,76.4
0,131.0,47.0,0.2,99.0,3.3,96.0,12888.29667,8.56,0.782,13.9,76.2
0,133.0,46.4,0.2,99.0,3.3,98.0,12224.86416,8.58,0.781,13.9,76.1
0,134.0,45.7,0.2,98.0,3.3,97.0,12565.44197,8.18,0.778,13.8,75.9
0,136.0,45.1,0.1,99.0,3.3,99.0,11929.34991,7.84,0.782,14.1,75.7
0,138.0,44.4,0.1,98.0,3.3,99.0,12126.87614,7.84,0.783,14.1,75.6
0,14.0,43.8,0.1,99.0,3.4,98.0,1312.46692,7.82,0.788,14.2,75.4
0,142.0,43.2,0.1,99.0,3.4,99.0,1473.31923,8.27,0.786,14.4,75.2
0,144.0,42.6,0.1,99.0,3.4,98.0,14252.29452,8.64,0.781,14.5,75.0
0,145.0,42.0,0.1,99.0,3.4,99.0,12724.39377,8.93,0.773,14.7,74.8
0,147.0,41.4,0.1,99.0,3.5,98.0,11371.93895,8.15,0.0,0.0,74.6
0,149.0,4.8,0.1,97.0,3.5,97.0,1352.8374,7.28,0.0,0.0,74.4
0,151.0,4.1,0.1,99.0,3.5,99.0,9739.82556,7.16,0.0,0.0,74.2
0,153.0,39.5,0.1,98.0,3.6,93.0,9386.716452,7.21,0.0,0.0,74.0
0,154.0,38.9,0.1,97.0,3.6,99.0,9358.154162,7.51,0.0,0.0,73.8
0,156.0,38.2,0.1,95.0,3.7,96.0,9875.161736,7.27,0.0,0.0,73.6
0,116.0,62.8,0.1,94.0,1.0,93.0,13467.1236,3.755,0.826,17.3,76.3
0,118.0,62.2,0.1,94.0,1.0,92.0,12245.25645,7.93,0.825,17.3,76.2
0,119.0,61.6,0.1,94.0,1.0,99.0,12976.63642,8.28,0.823,17.3,76.0
0,12.0,61.0,0.1,91.0,1.0,99.0,12969.7712,8.35,0.822,17.2,75.9
0,12.0,6.4,0.1,91.0,1.0,93.0,12726.9836,8.11,0.816,17.1,75.7
0,121.0,59.8,0.1,94.0,1.0,95.0,1276.265,8.15,0.802,16.8,75.5
0,126.0,59.2,0.1,94.0,1.0,97.0,8161.36966,8.33,0.794,16.5,75.6
0,126.0,58.6,0.1,93.0,1.0,94.0,8953.359275,8.41,0.792,16.3,75.4
0,129.0,58.0,0.1,91.0,1.1,92.0,7193.61764,8.16,0.788,16.3,74.8
0,127.0,57.5,0.1,91.0,1.1,92.0,5878.76127,7.75,0.782,16.1,75.2
0,127.0,56.9,0.1,98.0,1.1,95.0,576.883829,7.53,0.78,16.3,74.9
0,13.0,56.3,0.1,98.0,1.1,91.0,4251.574348,7.63,0.775,16.3,74.7
0,137.0,55.7,0.1,96.0,1.2,95.0,333.4376,7.62,0.77,16.4,74.1
0,138.0,55.1,0.1,93.0,1.2,94.0,2579.193168,7.81,0.776,16.3,74.1
0,138.0,54.6,0.1,83.0,1.2,85.0,717.694674,7.76,0.771,15.6,74.0
0,137.0,54.0,0.1,83.0,1.2,88.0,7669.273916,7.68,0.764,15.0,74.1
0,118.0,54.9,0.1,94.0,2.1,96.0,369.654776,3.755,0.741,12.7,74.8
0,12.0,54.1,0.1,93.0,2.1,95.0,3994.712355,3.91,0.739,12.7,74.6
0,123.0,53.3,0.1,95.0,2.1,96.0,3843.591213,3.79,0.736,12.7,74.4
0,121.0,52.6,0.1,95.0,2.0,96.0,3684.8481,3.89,0.732,12.7,74.4
0,128.0,51.9,0.1,95.0,2.0,96.0,3526.978143,4.09,0.729,12.7,73.9
0,132.0,51.2,0.1,94.0,2.0,96.0,3218.381655,4.23,0.72,12.3,73.5
0,137.0,5.7,0.1,93.0,2.0,94.0,2993.832531,3.96,0.725,11.9,73.3
0,14.0,5.1,0.1,89.0,2.0,91.0,41.26997,3.96,0.721,12.3,73.2
0,132.0,49.7,0.1,88.0,2.0,9.0,3138.8873,3.99,0.707,11.7,73.5
0,141.0,49.2,0.1,87.0,2.0,87.0,2158.299,4.01,0.692,11.2,72.9
0,137.0,48.8,0.1,9.0,2.0,92.0,1643.758397,4.25,0.679,10.9,73.0
0,132.0,48.4,0.1,91.0,2.0,93.0,1191.96192,3.81,0.668,10.9,73.0
0,134.0,48.1,0.1,94.0,2.0,96.0,93.1661567,3.03,0.657,10.8,72.7
0,134.0,47.8,0.1,94.0,2.1,96.0,783.261699,2.86,0.645,10.8,72.6
0,141.0,47.4,0.1,94.0,2.1,97.0,694.435119,2.86,0.644,11.1,72.6
0,142.0,47.1,0.1,93.0,2.1,96.0,622.7427477,2.9,0.639,11.2,72.0
1,59.0,66.6,0.1,93.0,0.6,93.0,56554.3876,3.755,0.937,20.4,82.8
1,6.0,66.1,0.1,92.0,0.6,92.0,62214.6912,9.71,0.936,20.4,82.7
1,61.0,65.5,0.1,91.0,0.6,91.0,67792.3386,9.87,0.933,20.3,82.5
1,61.0,65.0,0.1,92.0,0.6,92.0,67677.63477,10.03,0.93,20.1,82.3
1,63.0,64.4,0.1,92.0,0.6,92.0,62245.129,10.3,0.927,19.8,82.0
1,64.0,63.9,0.1,92.0,0.7,92.0,51874.848,10.52,0.927,19.5,81.9
1,66.0,63.4,0.1,92.0,0.7,92.0,42742.99898,10.62,0.925,19.1,81.7
1,66.0,62.9,0.1,92.0,0.7,92.0,49664.6854,10.76,0.921,19.1,81.3
1,66.0,62.5,0.1,92.0,0.7,92.0,4991.98289,10.56,0.918,19.0,81.3
1,66.0,62.0,0.1,92.0,0.7,92.0,36118.28381,10.31,0.915,20.3,81.2
1,67.0,61.5,0.1,92.0,0.7,92.0,3416.71483,10.3,0.91,20.3,81.0
1,69.0,6.9,0.1,92.0,0.7,92.0,3472.37977,9.84,0.908,20.7,86.0
1,71.0,6.3,0.1,93.0,0.7,92.0,23465.38559,9.97,0.905,20.6,83.0
1,73.0,59.6,0.1,92.0,0.7,92.0,281.81763,9.84,0.902,20.1,79.9
1,75.0,59.0,0.1,92.0,0.7,91.0,19517.84168,9.53,0.899,20.5,79.9
1,78.0,58.2,0.1,9.0,0.7,9.0,2169.921,10.17,0.897,20.4,79.5
1,65.0,57.6,0.1,93.0,1.9,93.0,43665.947,3.755,0.892,15.9,81.5
1,66.0,57.1,0.1,98.0,1.8,98.0,51322.63997,12.32,0.892,15.9,81.4
1,68.0,56.6,0.1,95.0,1.8,95.0,554.71532,11.82,0.887,15.7,81.1
1,7.0,56.1,0.1,92.0,1.8,92.0,48333.57273,12.26,0.884,15.7,88.0
1,73.0,55.7,0.1,89.0,1.7,89.0,51126.74139,12.04,0.88,15.7,88.0
1,75.0,55.2,0.1,86.0,1.7,86.0,46657.629,12.1,0.872,15.4,84.0
1,77.0,54.7,0.1,83.0,1.7,83.0,47654.18721,11.3,0.87,15.3,82.0
1,76.0,54.2,0.1,83.0,1.7,83.0,51386.37665,12.0,0.864,15.1,84.0
1,8.0,53.7,0.1,85.0,1.7,85.0,46586.6525,12.5,0.86,15.2,81.0
1,81.0,53.2,0.1,83.0,1.7,83.0,443.99361,12.4,0.854,15.0,79.8
1,85.0,52.7,0.1,86.0,1.7,86.0,38242.4252,12.4,0.848,14.9,79.4
1,86.0,52.2,0.1,83.0,1.7,83.0,36693.4262,12.1,0.841,14.7,79.3
1,88.0,51.7,0.1,84.0,1.7,84.0,3212.9355,12.2,0.837,14.7,78.8
1,9.0,51.2,0.1,83.0,1.7,82.0,26351.37568,12.5,0.847,16.1,78.7
1,92.0,5.6,0.1,84.0,1.7,83.0,24489.73553,12.4,0.837,15.5,78.6
1,96.0,5.1,0.1,81.0,1.7,71.0,24517.26745,13.2,0.833,15.4,78.1
0,118.0,52.5,0.1,96.0,2.8,98.0,55.31382,3.755,0.758,12.7,72.7
0,119.0,51.5,0.1,94.0,2.8,97.0,7891.299776,0.01,0.752,12.2,72.5
0,121.0,5.6,0.1,93.0,2.8,96.0,7875.756953,2.14,0.745,11.9,72.2
0,123.0,49.7,0.1,89.0,2.8,92.0,7496.335728,0.01,0.742,11.8,71.9
0,125.0,48.8,0.1,87.0,2.8,91.0,7189.691229,1.98,0.741,11.7,71.6
0,13.0,48.0,0.1,81.0,2.8,85.0,5842.85784,1.98,0.737,11.7,71.1
0,132.0,47.3,0.1,81.0,2.8,84.0,495.294791,2.1,0.728,11.6,78.0
0,141.0,46.6,0.1,81.0,2.8,85.0,5574.6382,1.18,0.719,11.6,73.0
0,14.0,45.9,0.1,79.0,2.8,81.0,3851.437869,1.02,0.708,11.6,73.0
0,154.0,45.3,0.1,78.0,2.9,8.0,2473.85776,0.85,0.682,10.7,69.2
0,162.0,44.7,0.1,75.0,2.9,79.0,1578.4239,0.73,0.675,11.2,68.4
0,154.0,44.2,0.1,77.0,3.0,78.0,145.2163,0.62,0.668,11.0,68.4
0,154.0,43.6,0.1,77.0,3.0,79.0,883.6439965,0.55,0.659,10.8,67.8
0,146.0,43.1,0.1,76.0,3.1,8.0,763.73858,0.55,0.651,10.6,67.8
0,151.0,42.6,0.1,77.0,3.1,77.0,73.6838434,0.51,0.642,10.4,67.5
0,16.0,42.1,0.1,76.0,3.2,75.0,655.974326,0.65,0.636,10.1,66.6
0,147.0,64.5,0.1,95.0,2.5,95.0,1766.947595,3.755,0.79,12.6,76.1
0,16.0,63.8,0.1,96.0,2.5,96.0,1766.947595,9.45,0.789,12.6,75.4
0,172.0,63.2,0.1,97.0,2.5,97.0,1766.947595,9.42,0.79,12.6,74.8
0,167.0,62.6,0.2,98.0,2.5,99.0,1766.947595,9.5,0.789,12.6,74.9
0,162.0,62.0,0.1,98.0,2.5,97.0,1766.947595,9.34,0.788,12.6,75.0
0,161.0,61.3,0.2,99.0,2.5,97.0,1766.947595,9.19,0.788,12.6,75.0
0,168.0,6.7,0.1,96.0,2.5,97.0,1766.947595,9.29,0.791,12.6,74.6
0,167.0,6.1,0.1,93.0,2.5,93.0,1766.947595,10.15,0.791,12.6,74.5
0,167.0,59.4,0.1,95.0,2.5,95.0,1766.947595,10.75,0.79,12.5,74.4
0,171.0,58.7,0.1,95.0,2.5,94.0,1766.947595,11.07,0.788,12.4,74.2
0,172.0,58.1,0.1,93.0,2.6,93.0,1766.947595,10.49,0.786,12.4,74.1
0,174.0,57.4,0.1,93.0,2.6,92.0,1766.947595,10.1,0.784,12.3,73.8
0,189.0,56.7,0.1,92.0,2.6,93.0,1766.947595,10.68,0.783,12.2,73.2
0,19.0,56.0,0.1,94.0,2.6,93.0,1766.947595,10.85,0.781,12.1,73.1
0,189.0,55.2,0.2,99.0,2.7,98.0,1766.947595,11.64,0.779,12.1,72.9
0,192.0,54.4,0.1,99.0,2.7,91.0,1766.947595,12.15,0.0,12.0,72.6
0,69.0,63.6,0.1,98.0,6.2,98.0,22688.87824,3.755,0.823,14.5,76.9
0,7.0,62.9,0.1,98.0,6.1,98.0,24983.3792,1.57,0.82,14.5,76.8
0,7.0,62.2,0.1,99.0,6.1,99.0,251.18329,1.65,0.815,14.5,76.7
0,71.0,61.5,0.1,99.0,6.1,99.0,23649.36661,1.7,0.812,14.5,76.5
0,76.0,6.8,0.1,99.0,6.1,99.0,2281.1242,1.66,0.812,14.4,76.1
0,73.0,6.1,0.1,99.0,6.0,99.0,2722.1389,1.93,0.81,14.4,76.1
0,74.0,59.3,0.1,98.0,6.0,97.0,19356.67236,1.95,0.814,14.4,76.0
0,76.0,58.5,0.1,97.0,6.0,97.0,2367.56535,2.0,0.815,14.4,75.8
0,77.0,57.6,0.1,97.0,6.1,97.0,2977.1153,2.0,0.813,14.4,75.6
0,79.0,56.8,0.1,98.0,6.1,98.0,1937.99549,2.1,0.81,14.2,75.5
0,81.0,56.1,0.1,98.0,6.1,98.0,17959.17854,2.05,0.806,14.0,75.3
0,83.0,55.6,0.1,98.0,6.1,98.0,15846.47641,2.16,0.803,13.9,75.2
0,85.0,55.2,0.1,97.0,6.1,97.0,14221.99259,2.16,0.798,13.7,75.0
0,87.0,55.0,0.1,98.0,6.2,98.0,1312.33457,1.99,0.796,13.5,74.9
0,9.0,54.8,0.1,99.0,6.2,99.0,12868.211,1.95,0.794,13.3,74.7
0,92.0,54.5,0.1,97.0,6.2,97.0,13636.34668,2.15,0.786,13.2,74.5
0,129.0,18.3,0.1,97.0,17.9,97.0,121.15812,3.755,0.575,10.2,71.8
0,132.0,17.7,0.1,97.0,18.1,97.0,184.56543,0.01,0.57,10.0,71.4
0,135.0,17.0,0.1,96.0,18.3,96.0,951.8894535,0.01,0.565,10.0,71.0
0,137.0,16.4,0.1,94.0,18.5,94.0,856.342857,0.01,0.557,9.9,77.0
0,14.0,15.8,0.1,96.0,18.7,96.0,835.789341,0.01,0.545,9.4,73.0
0,142.0,15.2,0.1,94.0,18.9,94.0,757.6717572,0.01,0.535,8.9,69.9
0,144.0,14.6,0.1,97.0,19.1,97.0,681.125368,0.01,0.523,8.4,69.5
0,147.0,14.0,0.1,96.0,19.3,96.0,615.7775411,0.01,0.52,8.6,69.1
0,151.0,13.5,0.1,94.0,19.5,96.0,541.651484,0.01,0.513,8.6,68.6
0,152.0,13.0,0.1,94.0,19.7,95.0,494.51466,0.01,0.506,8.4,68.2
0,155.0,12.5,0.1,93.0,19.9,94.0,484.155471,0.01,0.499,8.2,67.8
0,158.0,12.0,0.1,99.0,2.1,88.0,46.7579167,0.01,0.491,8.1,67.3
0,161.0,11.6,0.1,87.0,2.3,9.0,432.7388972,0.01,0.484,7.9,66.8
0,164.0,11.2,0.1,83.0,2.5,83.0,4.6135745,0.01,0.476,7.7,66.3
0,168.0,1.8,0.1,85.0,2.7,85.0,42.5981152,0.01,0.468,7.5,65.8
0,173.0,1.4,0.1,82.0,2.9,83.0,45.63371,0.01,0.459,7.3,65.3
0,98.0,54.5,0.1,97.0,3.8,97.0,15557.8381,3.755,0.794,15.3,75.5
0,1.0,53.7,0.1,94.0,3.8,95.0,15359.66971,8.82,0.793,15.3,75.4
0,11.0,53.0,0.1,91.0,3.8,91.0,15472.7814,8.74,0.792,15.3,75.2
0,12.0,52.2,0.1,87.0,3.8,88.0,15384.8749,8.61,0.785,15.3,75.1
0,14.0,51.4,0.1,91.0,3.8,91.0,15534.1574,8.51,0.78,15.5,74.9
0,16.0,5.7,0.1,86.0,3.8,9.0,1595.91232,8.41,0.781,15.8,74.7
0,19.0,49.9,0.1,93.0,3.8,93.0,16523.32388,8.46,0.779,15.5,74.6
0,111.0,49.2,0.1,85.0,3.9,85.0,1657.3228,8.95,0.775,15.3,74.4
0,113.0,48.4,0.1,93.0,3.9,93.0,16462.48556,8.47,0.771,15.0,74.2
0,115.0,47.7,0.1,84.0,4.0,85.0,15646.5591,8.39,0.766,14.8,74.1
0,117.0,46.9,0.1,92.0,4.0,91.0,14223.86576,8.01,0.761,14.6,73.9
0,119.0,46.2,0.2,93.0,4.1,93.0,12868.8639,7.68,0.757,14.4,73.8
0,121.0,45.4,0.4,89.0,4.1,9.0,1228.5447,7.65,0.753,14.2,73.7
0,123.0,44.6,0.8,87.0,4.2,86.0,11675.39395,7.59,0.749,14.0,73.5
0,125.0,43.8,0.7,84.0,4.2,93.0,11513.87189,7.38,0.75,14.0,73.4
0,127.0,43.0,0.9,93.0,4.3,86.0,11568.1111,7.43,0.741,14.0,73.3
0,196.0,62.3,0.1,99.0,1.9,99.0,5949.11677,3.755,0.798,15.6,72.3
0,199.0,61.7,0.1,97.0,1.9,97.0,8318.429294,13.94,0.796,15.7,72.0
0,23.0,61.1,0.1,98.0,2.0,98.0,7978.825443,14.66,0.796,15.7,71.7
0,194.0,6.5,0.1,98.0,2.0,98.0,694.243915,16.35,0.793,15.6,71.9
0,232.0,59.9,0.1,98.0,2.0,98.0,6519.71753,17.31,0.787,15.5,72.0
0,222.0,59.3,0.1,98.0,2.0,99.0,63.38877,14.44,0.78,15.5,73.0
0,226.0,58.7,0.1,96.0,2.1,98.0,5176.172649,14.09,0.771,15.4,70.0
0,224.0,58.2,0.1,97.0,2.1,98.0,6376.183153,14.67,0.755,15.1,70.0
0,226.0,57.7,0.1,95.0,2.2,9.0,4735.484827,14.22,0.739,14.9,69.8
0,243.0,57.2,0.1,99.0,2.2,97.0,3848.215966,12.6,0.723,14.6,68.9
0,252.0,56.7,0.1,99.0,2.3,98.0,3126.71767,11.01,0.713,14.4,68.1
0,247.0,56.2,0.1,99.0,2.4,99.0,2378.33927,12.05,0.703,14.1,68.2
0,253.0,55.8,0.1,5.0,2.5,53.0,1819.525644,11.17,0.695,13.9,67.7
0,262.0,55.3,0.1,99.0,2.5,99.0,1479.383142,12.23,0.687,13.6,67.2
0,254.0,54.9,0.1,99.0,2.6,99.0,1244.373185,10.74,0.681,13.3,67.7
0,247.0,54.4,0.1,99.0,2.7,99.0,1276.28834,12.98,0.675,13.1,68.0
1,74.0,63.7,0.1,99.0,1.0,99.0,4356.875,3.755,0.895,16.6,81.1
1,76.0,63.4,0.1,99.0,1.0,99.0,47439.39684,12.6,0.89,16.3,89.0
1,77.0,63.0,0.1,99.0,1.0,99.0,4651.38647,11.77,0.889,16.3,87.0
1,78.0,62.6,0.1,99.0,0.9,99.0,4474.5717,10.08,0.886,16.2,83.0
1,8.0,62.3,0.1,98.0,0.9,98.0,4772.77415,10.11,0.884,16.1,83.0
1,81.0,61.9,0.1,98.0,0.9,98.0,4438.23741,10.22,0.878,15.9,80.0
1,85.0,61.6,0.1,98.0,0.9,98.0,4488.5615,10.05,0.876,15.8,79.8
1,87.0,61.3,0.1,99.0,0.8,99.0,48424.58927,10.47,0.874,15.8,79.5
1,86.0,6.9,0.1,98.0,0.8,99.0,4443.83131,10.25,0.871,15.8,79.5
1,85.0,6.6,0.1,98.0,0.8,99.0,38852.3613,10.98,0.865,15.7,79.4
1,89.0,6.2,0.1,97.0,0.8,97.0,36967.28292,12.27,0.861,15.7,78.9
1,91.0,59.8,0.1,95.0,0.8,96.0,35589.71295,12.05,0.88,18.8,78.8
1,95.0,59.4,0.1,95.0,0.8,96.0,3743.95693,11.28,0.878,18.6,78.3
1,99.0,59.0,0.1,95.0,0.8,96.0,2552.3328,11.29,0.875,18.8,78.0
1,1.0,58.5,0.1,95.0,0.8,96.0,23121.56635,11.01,0.873,18.2,78.0
1,11.0,58.1,0.1,95.0,0.8,96.0,2327.4591,11.21,0.869,18.0,77.6
0,175.0,5.9,0.2,94.0,3.5,94.0,4849.997495,3.755,0.706,12.8,71.0
0,177.0,5.1,0.2,95.0,3.4,95.0,4852.223666,6.58,0.705,12.8,70.0
0,18.0,49.3,0.2,95.0,3.4,95.0,4688.538443,6.56,0.706,12.9,69.8
0,189.0,48.5,0.1,98.0,3.5,98.0,4673.63848,6.66,0.702,12.5,69.4
0,188.0,47.8,0.5,95.0,3.5,95.0,4516.24675,6.64,0.7,12.4,69.4
0,186.0,47.0,0.2,96.0,3.5,96.0,4344.15177,6.76,0.7,12.4,69.5
0,184.0,46.3,0.3,97.0,3.5,98.0,4258.788611,6.85,0.7,12.7,69.5
0,181.0,45.7,0.1,94.0,3.5,94.0,447.22796,7.22,0.699,12.8,69.6
0,181.0,45.0,0.6,96.0,3.5,97.0,4324.876427,7.24,0.7,12.8,69.6
0,184.0,44.4,0.6,98.0,3.6,98.0,4187.3783,6.48,0.692,12.3,69.4
0,191.0,43.8,0.8,96.0,3.6,96.0,3933.332215,6.25,0.695,12.8,69.0
0,197.0,43.2,0.8,97.0,3.6,97.0,3831.53819,6.2,0.691,12.5,68.7
0,21.0,42.6,1.5,96.0,3.6,95.0,3679.99523,5.67,0.684,12.2,68.4
0,199.0,42.0,0.1,89.0,3.7,93.0,3556.561825,4.99,0.678,11.9,68.5
0,21.0,41.4,0.4,96.0,3.7,96.0,3419.275719,4.9,0.677,11.8,68.2
0,196.0,4.8,0.3,91.0,3.8,91.0,3364.423711,4.79,0.668,11.7,68.3
0,249.0,25.7,1.0,82.0,6.9,78.0,783.94791,3.755,0.481,10.7,60.0
0,252.0,25.2,1.1,78.0,7.1,74.0,943.686575,0.01,0.475,10.7,59.7
0,251.0,24.6,1.2,77.0,7.2,73.0,915.2674586,0.01,0.466,10.3,59.5
0,251.0,24.1,1.3,8.0,7.4,8.0,837.9551,0.01,0.458,10.0,59.3
0,251.0,23.5,1.4,75.0,7.6,77.0,825.9427854,1.4,0.454,9.8,59.1
0,254.0,23.0,1.4,76.0,7.8,77.0,757.695974,1.33,0.451,9.5,58.7
0,259.0,22.5,1.6,79.0,7.9,8.0,793.45243,1.16,0.448,9.3,58.4
0,278.0,22.0,1.8,75.0,8.1,77.0,82.1513498,1.28,0.444,9.1,57.6
0,283.0,21.5,2.0,82.0,8.3,82.0,76.535419,1.12,0.438,8.9,57.1
0,284.0,21.0,2.0,74.0,8.5,76.0,625.8392,1.19,0.434,8.7,56.8
0,285.0,2.5,2.1,7.0,8.7,73.0,61.799977,1.13,0.43,8.5,56.5
0,285.0,2.1,2.1,72.0,8.9,74.0,583.493514,1.15,0.423,8.1,56.1
0,285.0,19.7,2.1,73.0,9.1,75.0,519.2922847,1.35,0.416,7.7,55.8
0,283.0,19.2,2.1,75.0,9.3,76.0,418.6985763,1.23,0.407,7.3,55.6
0,281.0,18.8,2.1,76.0,9.5,77.0,378.73654,1.29,0.395,6.6,55.5
0,279.0,18.4,2.0,78.0,9.7,78.0,374.1923942,1.34,0.389,6.4,55.4
0,211.0,24.5,0.5,99.0,15.4,98.0,2613.645177,3.755,0.604,12.5,69.8
0,216.0,23.6,0.5,99.0,15.7,98.0,2522.7968,0.01,0.596,12.5,69.4
0,219.0,22.7,0.6,97.0,15.9,97.0,235.882889,0.01,0.589,12.6,69.1
0,223.0,21.9,0.6,97.0,16.1,97.0,2422.816,0.01,0.581,12.3,68.7
0,225.0,21.1,0.5,95.0,16.3,95.0,2458.45976,0.23,0.572,11.9,68.3
0,228.0,2.3,0.5,91.0,16.6,92.0,2178.921383,0.28,0.0,11.4,67.9
0,232.0,19.5,0.4,93.0,16.8,93.0,177.234497,0.17,0.0,10.9,67.4
0,234.0,18.8,0.4,96.0,17.1,96.0,1795.18137,0.21,0.0,10.5,67.0
0,238.0,18.0,0.3,95.0,17.3,93.0,1741.142552,0.16,0.0,10.1,66.5
0,245.0,17.4,0.3,95.0,17.5,96.0,1335.45696,0.29,0.0,9.6,65.8
0,254.0,16.7,0.3,95.0,17.8,95.0,1247.61392,0.73,0.0,9.2,65.0
0,263.0,16.1,0.3,89.0,18.0,9.0,197.45788,0.96,0.0,8.8,64.2
0,273.0,15.5,0.2,95.0,18.3,96.0,997.7417141,0.52,0.0,8.4,63.3
0,282.0,14.9,0.1,86.0,18.6,89.0,885.6382245,0.29,0.0,8.0,62.5
0,29.0,14.4,0.1,88.0,18.9,88.0,87.9387673,0.14,0.0,7.6,61.7
0,312.0,13.9,0.1,92.0,19.2,98.0,765.8632358,0.17,0.0,7.3,62.0
0,186.0,52.6,0.1,99.0,1.2,99.0,1766.947595,3.755,0.671,13.8,77.0
0,189.0,51.9,0.1,98.0,1.2,99.0,1766.947595,3.62,0.666,13.8,74.0
0,192.0,51.2,0.1,94.0,1.2,95.0,1766.947595,3.78,0.661,13.8,71.0
0,194.0,5.6,0.1,93.0,1.2,93.0,1766.947595,3.89,0.655,13.8,69.8
0,198.0,49.9,0.2,95.0,1.2,95.0,1766.947595,3.93,0.649,13.8,69.3
0,22.0,49.3,0.2,91.0,1.2,9.0,1766.947595,3.95,0.643,13.8,68.7
0,27.0,48.6,0.2,93.0,1.2,92.0,1766.947595,3.87,0.636,13.8,68.0
0,211.0,48.0,0.2,88.0,1.3,87.0,1766.947595,3.77,0.632,14.0,67.4
0,216.0,47.3,0.2,84.0,1.3,85.0,1766.947595,3.47,0.626,14.1,66.8
0,219.0,46.7,0.2,83.0,1.3,82.0,1766.947595,3.23,0.625,14.3,66.2
0,222.0,46.0,0.2,85.0,1.3,84.0,1766.947595,2.86,0.622,14.4,65.7
0,226.0,45.4,0.2,84.0,1.4,84.0,1766.947595,2.66,0.62,14.6,65.1
0,23.0,44.7,0.2,88.0,1.4,82.0,1766.947595,2.37,0.617,14.4,64.5
0,234.0,44.0,0.1,77.0,1.4,76.0,1766.947595,2.26,0.61,14.0,63.9
0,238.0,43.3,0.1,71.0,1.5,71.0,1766.947595,2.2,0.607,13.7,63.3
0,243.0,42.6,0.1,75.0,1.5,74.0,1766.947595,2.32,0.6,13.3,62.6
0,88.0,55.8,0.1,82.0,2.3,74.0,4574.9787,3.755,0.747,14.2,77.4
0,89.0,55.3,0.1,86.0,2.4,86.0,5193.94932,4.03,0.742,14.2,77.2
0,9.0,54.7,0.1,89.0,2.4,87.0,535.86555,4.12,0.735,14.2,77.0
0,92.0,54.2,0.1,92.0,2.5,87.0,4716.673325,4.61,0.728,13.9,76.8
0,92.0,53.7,0.1,88.0,2.6,89.0,55.156834,4.64,0.711,13.4,76.9
0,94.0,53.1,0.1,89.0,2.6,9.0,4611.47298,4.54,0.717,13.3,76.4
0,97.0,52.6,0.1,9.0,2.7,9.0,4697.89732,4.75,0.716,13.3,76.1
0,98.0,52.1,0.1,91.0,2.8,92.0,575.31664,5.13,0.71,13.1,76.0
0,16.0,51.5,0.1,95.0,2.8,95.0,418.292176,5.16,0.703,12.9,75.4
0,1.0,51.0,0.1,87.0,2.9,91.0,344.321698,4.82,0.697,12.7,75.7
0,12.0,5.5,0.1,93.0,2.9,95.0,2968.41186,4.56,0.0,12.5,75.0
0,99.0,49.9,0.1,84.0,3.0,87.0,265.642661,4.25,0.0,12.3,75.5
0,12.0,49.4,0.1,87.0,3.0,87.0,2214.732246,4.14,0.0,12.1,75.2
0,11.0,48.8,0.1,8.0,3.1,86.0,1761.537647,3.84,0.0,11.9,75.4
0,113.0,48.2,0.1,91.0,3.2,92.0,1524.41222,3.85,0.0,11.6,74.9
0,116.0,47.6,0.1,85.0,3.3,87.0,1461.7552,3.64,0.0,0.0,74.6
0,256.0,37.9,2.2,95.0,6.4,96.0,6532.651,3.755,0.698,12.6,65.7
0,268.0,37.3,2.3,95.0,6.7,96.0,7497.762376,0.01,0.697,12.6,65.1
0,286.0,36.8,2.8,95.0,7.0,96.0,77.625783,0.01,0.693,12.6,64.2
0,3.0,36.2,4.4,95.0,7.3,96.0,729.231453,0.01,0.687,12.5,63.4
0,325.0,35.7,5.5,95.0,7.7,96.0,7645.21469,5.76,0.678,12.4,62.2
0,349.0,35.2,6.2,95.0,8.0,96.0,6346.15624,5.99,0.669,12.3,61.1
0,393.0,34.7,9.0,96.0,8.4,96.0,5185.729845,5.01,0.661,12.2,59.2
0,427.0,34.2,12.7,96.0,8.8,96.0,5623.379566,6.56,0.646,12.1,57.5
0,436.0,33.7,13.4,96.0,9.2,96.0,5714.47937,6.21,0.63,12.1,56.9
0,491.0,33.2,14.4,96.0,9.6,96.0,5374.554867,6.45,0.61,11.9,54.8
0,566.0,32.7,20.6,96.0,1.0,96.0,5351.253732,6.37,0.593,11.9,51.7
0,652.0,32.2,28.4,96.0,1.5,96.0,4896.583835,4.9,0.58,11.8,48.1
0,693.0,31.6,31.9,96.0,1.9,96.0,4163.6596,5.51,0.567,11.8,46.4
0,699.0,31.1,34.6,97.0,11.4,97.0,355.618382,6.41,0.558,11.9,46.0
0,679.0,3.5,37.2,97.0,11.8,97.0,3128.97793,5.48,0.56,11.8,46.7
0,647.0,29.9,38.8,97.0,12.3,97.0,3349.68823,5.37,0.559,11.7,47.8
0,142.0,56.1,0.1,96.0,2.7,98.0,8757.2622,3.755,0.754,15.2,75.0
0,144.0,55.3,0.1,93.0,2.7,96.0,1226.61731,7.32,0.747,15.2,74.8
0,146.0,54.5,0.1,97.0,2.8,96.0,12216.9446,7.24,0.734,14.2,74.7
0,148.0,53.6,0.1,95.0,2.8,96.0,12291.46685,7.55,0.73,14.2,74.5
0,152.0,52.8,0.1,99.0,2.9,98.0,13167.47289,7.58,0.724,14.0,74.1
0,154.0,52.0,0.1,99.0,2.9,99.0,11224.1548,7.52,0.716,13.8,73.8
0,157.0,51.1,0.1,99.0,3.0,99.0,8553.3847,7.33,0.714,13.8,73.6
0,158.0,5.3,0.1,99.0,3.0,99.0,8787.61375,7.21,0.704,13.3,73.4
0,159.0,49.4,0.1,99.0,3.1,99.0,7313.557962,7.19,0.7,13.5,73.3
0,161.0,48.6,0.1,99.0,3.1,99.0,586.145975,7.1,0.698,13.8,73.0
0,163.0,47.8,0.1,99.0,3.2,99.0,477.182746,6.97,0.694,13.8,72.7
0,17.0,46.9,0.1,99.0,3.2,99.0,3623.47667,6.85,0.695,14.0,72.0
0,172.0,46.1,0.1,99.0,3.3,99.0,359.587582,6.95,0.699,14.8,71.8
0,176.0,45.3,0.1,99.0,3.3,99.0,2819.649531,7.0,0.692,14.6,71.4
0,179.0,44.5,0.1,98.0,3.4,99.0,3146.95177,7.13,0.685,14.3,71.0
0,183.0,43.7,0.1,98.0,3.4,99.0,3739.11936,7.26,0.677,14.1,75.0
0,78.0,41.2,0.1,99.0,5.7,99.0,3967.8951,3.755,0.864,14.9,77.7
0,8.0,4.2,0.1,99.0,5.7,99.0,4159.8652,0.01,0.863,15.0,77.6
0,84.0,39.2,0.1,99.0,5.8,99.0,44597.27968,0.01,0.86,14.9,77.1
0,79.0,38.2,0.1,99.0,5.8,99.0,47651.2599,0.01,0.852,14.4,78.3
0,79.0,37.2,0.1,97.0,5.9,99.0,4717.273,0.97,0.846,14.1,77.4
0,79.0,36.2,0.1,95.0,5.9,99.0,35268.1117,0.88,0.845,14.2,76.9
0,88.0,35.2,0.1,99.0,6.0,99.0,27965.4754,0.25,0.841,14.1,76.8
0,84.0,34.2,0.1,98.0,6.1,97.0,37951.286,0.67,0.84,14.2,77.2
0,1.0,33.2,0.1,99.0,6.2,95.0,32672.36717,0.85,0.84,14.3,76.0
0,93.0,32.2,0.1,97.0,6.3,94.0,398.96692,0.67,0.837,14.3,76.3
0,92.0,31.2,0.1,94.0,6.4,93.0,2612.13345,0.16,0.834,14.1,76.2
0,89.0,3.1,0.1,92.0,6.5,92.0,21896.6527,0.11,0.828,13.7,76.4
0,89.0,29.1,0.1,92.0,6.6,99.0,18555.56649,0.12,0.823,13.4,76.0
0,95.0,28.0,0.1,94.0,6.7,99.0,16846.2198,0.13,0.82,13.3,74.8
0,19.0,27.0,0.1,97.0,6.8,99.0,16468.12886,0.47,0.819,13.4,74.7
0,16.0,26.1,0.1,99.0,6.8,99.0,188.44826,0.37,0.818,13.4,74.4
1,137.0,65.7,0.1,91.0,1.9,91.0,6993.47736,3.755,0.792,15.0,74.5
1,138.0,65.1,0.1,88.0,1.9,88.0,7853.335191,12.03,0.787,14.8,74.3
1,14.0,64.5,0.1,95.0,1.9,95.0,7674.86559,12.06,0.781,14.4,74.1
1,139.0,63.9,0.1,95.0,1.9,95.0,7378.25539,10.99,0.778,14.3,73.9
1,144.0,63.3,0.1,95.0,2.0,95.0,7813.83499,10.67,0.775,14.2,73.7
1,147.0,62.7,0.1,94.0,2.0,94.0,6843.263289,10.8,0.77,13.9,73.4
1,152.0,62.1,0.1,94.0,2.0,94.0,6955.987733,10.93,0.768,13.8,73.2
1,155.0,61.5,0.1,95.0,2.1,96.0,7296.122479,10.98,0.761,13.8,72.9
1,157.0,6.9,0.1,95.0,2.1,95.0,5932.899677,10.89,0.755,13.5,72.6
1,161.0,6.3,0.1,95.0,2.2,96.0,4513.13628,10.39,0.75,13.5,72.2
1,16.0,59.7,0.1,96.0,2.2,97.0,3893.68998,10.48,0.745,13.5,72.1
1,157.0,59.1,0.1,95.0,2.3,94.0,3381.57837,10.96,0.738,13.3,72.2
1,155.0,58.6,0.1,96.0,2.3,96.0,271.46824,11.19,0.729,12.9,72.0
1,157.0,58.1,0.1,93.0,2.4,94.0,287.534843,10.2,0.723,12.9,71.8
1,16.0,57.5,0.1,94.0,2.4,94.0,1764.97387,10.72,0.713,12.9,71.6
1,163.0,57.0,0.1,93.0,2.5,94.0,169.28586,9.69,0.709,12.9,71.1
0,26.0,19.4,0.6,91.0,8.0,91.0,615.592225,3.755,0.399,7.7,59.9
0,268.0,18.8,0.6,91.0,8.2,91.0,75.1464113,0.01,0.398,7.7,59.3
0,27.0,18.2,0.7,88.0,8.4,89.0,699.452847,4.64,0.392,7.5,59.0
0,271.0,17.7,0.8,9.0,8.6,9.0,673.8227,4.75,0.384,7.2,58.6
0,275.0,17.1,0.9,91.0,8.8,9.0,666.842783,4.51,0.377,6.7,58.1
0,279.0,16.6,1.0,91.0,9.0,9.0,575.4464527,4.55,0.365,6.3,57.5
0,283.0,16.1,1.1,92.0,9.3,91.0,552.7455521,4.55,0.356,5.9,56.9
0,288.0,15.6,1.5,93.0,9.5,92.0,569.7612784,4.5,0.345,5.4,56.1
0,293.0,15.1,1.7,89.0,9.8,93.0,475.11122,4.58,0.334,4.9,55.3
0,32.0,14.6,2.0,86.0,1.0,94.0,422.6332374,4.73,0.325,4.7,54.3
0,313.0,14.2,2.3,82.0,1.3,94.0,46.998871,4.88,0.0,4.3,53.3
0,323.0,13.7,2.5,79.0,1.5,83.0,371.323865,4.54,0.0,3.9,52.4
0,332.0,13.3,2.9,79.0,1.7,83.0,332.344351,4.58,0.0,3.8,51.6
0,338.0,12.9,3.2,69.0,11.0,69.0,26.7635413,4.53,0.0,3.6,51.0
0,344.0,12.5,3.6,62.0,11.2,62.0,235.4912324,4.56,0.0,3.5,56.0
0,348.0,12.2,4.0,45.0,11.4,45.0,226.4759814,3.71,0.0,3.4,51.0
0,288.0,18.7,0.7,94.0,7.3,94.0,33.681223,3.755,0.406,10.6,59.6
0,297.0,18.2,0.7,95.0,7.4,95.0,312.7489794,0.01,0.404,10.6,59.1
0,33.0,17.6,1.0,96.0,7.4,96.0,282.7555252,0.01,0.398,10.5,58.6
0,312.0,17.1,1.2,96.0,7.5,96.0,265.285651,0.01,0.393,10.3,58.0
0,321.0,16.6,1.5,96.0,7.6,95.0,26.479973,4.16,0.385,9.9,57.4
0,33.0,16.1,1.9,96.0,7.7,94.0,231.1943256,4.16,0.361,9.3,56.8
0,338.0,15.7,2.4,94.0,7.8,96.0,24.944652,4.05,0.336,8.6,56.2
0,35.0,15.2,2.9,92.0,7.9,89.0,196.2472628,4.33,0.319,7.9,55.3
0,355.0,14.8,3.4,99.0,8.0,93.0,17.79995,4.54,0.309,7.2,54.8
0,361.0,14.5,3.8,92.0,8.1,88.0,165.8794176,4.5,0.29,5.9,54.1
0,369.0,14.1,4.3,87.0,8.2,82.0,15.57434,5.54,0.286,5.6,53.4
0,378.0,13.8,4.8,83.0,8.4,76.0,127.4296648,5.72,0.279,5.2,52.6
0,387.0,13.5,5.1,82.0,8.5,75.0,112.849373,5.84,0.276,4.7,51.9
0,387.0,13.3,5.2,81.0,8.7,74.0,122.4335893,5.98,0.268,4.4,51.5
0,385.0,13.0,5.3,81.0,8.8,72.0,133.7427689,6.09,0.268,4.5,51.3
0,386.0,12.8,5.2,8.0,9.0,71.0,135.9984455,6.61,0.268,4.5,58.0
0,397.0,28.0,1.9,83.0,5.5,81.0,1766.947595,3.755,0.677,12.3,53.3
0,47.0,27.4,2.0,76.0,5.6,76.0,1766.947595,0.01,0.677,12.3,52.8
0,412.0,26.8,2.4,8.0,5.8,79.0,1766.947595,3.15,0.677,12.3,52.3
0,415.0,26.2,2.9,82.0,5.9,83.0,1766.947595,3.24,0.677,12.3,52.0
0,419.0,25.6,3.3,62.0,6.1,58.0,1766.947595,3.13,0.677,12.3,51.7
0,417.0,25.0,3.3,85.0,6.3,81.0,1766.947595,3.15,0.677,12.3,51.5
0,426.0,24.4,3.7,81.0,6.5,77.0,1766.947595,2.92,0.677,12.3,51.0
0,437.0,23.8,4.1,74.0,6.6,58.0,1766.947595,2.69,0.677,12.3,54.0
0,443.0,23.2,5.3,76.0,6.8,75.0,1766.947595,2.58,0.677,12.3,49.9
0,452.0,22.6,5.8,77.0,7.0,76.0,1766.947595,2.65,0.677,12.3,49.4
0,466.0,22.1,6.1,76.0,7.2,87.0,1766.947595,3.11,0.677,12.3,48.7
0,472.0,21.5,6.5,67.0,7.3,76.0,1766.947595,3.08,0.677,12.3,48.2
0,473.0,2.9,6.7,61.0,7.5,68.0,1766.947595,3.12,0.677,12.3,48.0
0,473.0,2.4,6.9,64.0,7.7,7.0,1766.947595,3.13,0.677,12.3,47.7
0,467.0,19.9,7.0,66.0,7.9,7.0,1766.947595,3.15,0.677,12.3,47.8
0,461.0,19.4,7.1,65.0,8.1,66.0,1766.947595,3.45,0.677,12.3,47.9
0,114.0,31.3,0.2,93.0,6.6,93.0,2954.119467,3.755,0.646,13.5,73.3
0,117.0,3.5,0.2,95.0,6.8,95.0,3529.61843,0.01,0.643,13.5,73.0
0,12.0,29.7,0.2,93.0,6.9,93.0,3558.796314,0.01,0.643,13.6,72.8
0,121.0,29.0,0.3,94.0,7.1,94.0,348.482762,0.01,0.636,13.2,72.7
0,122.0,28.2,0.3,9.0,7.3,9.0,367.429453,5.07,0.632,13.1,72.6
0,123.0,27.5,0.4,99.0,7.4,99.0,3312.825985,4.75,0.627,12.7,72.5
0,124.0,26.8,0.4,99.0,7.6,99.0,3444.5566,4.45,0.621,12.4,72.4
0,124.0,26.2,0.4,99.0,7.8,99.0,3638.95946,4.16,0.615,12.2,72.4
0,126.0,25.5,0.6,98.0,8.1,98.0,3112.285712,5.28,0.602,11.9,72.3
0,129.0,24.9,0.6,96.0,8.3,97.0,234.28992,4.25,0.596,11.9,72.1
0,134.0,24.3,0.8,95.0,8.5,95.0,248.13459,4.26,0.582,11.2,71.8
0,14.0,23.7,0.8,93.0,8.7,94.0,1976.45856,4.19,0.574,11.1,71.4
0,144.0,23.2,0.9,92.0,8.9,93.0,1768.92132,4.16,0.572,11.3,71.1
0,148.0,22.6,0.8,91.0,9.2,92.0,1373.515636,3.82,0.569,11.3,77.0
0,152.0,22.1,0.8,9.0,9.4,91.0,1268.884564,3.81,0.562,11.0,73.0
0,155.0,21.5,0.8,9.0,9.6,9.0,1239.377855,3.49,0.0,11.3,69.9
0,174.0,19.6,0.2,89.0,1.9,87.0,1163.18977,3.755,0.558,10.9,68.7
0,179.0,18.9,0.2,88.0,1.9,87.0,198.687123,0.01,0.553,10.9,68.3
0,183.0,18.2,0.2,83.0,11.0,66.0,128.419568,0.01,0.546,10.8,67.8
0,186.0,17.6,0.3,86.0,11.0,84.0,95.244132,0.01,0.54,10.7,67.4
0,19.0,17.0,0.3,88.0,11.0,87.0,882.491462,2.12,0.533,10.7,67.0
0,192.0,16.4,0.5,89.0,11.0,88.0,785.6928841,2.2,0.519,10.6,66.6
0,195.0,15.9,0.6,94.0,11.1,95.0,738.2326684,2.13,0.52,10.5,66.1
0,199.0,15.3,0.7,91.0,11.2,91.0,745.7877873,2.24,0.511,10.5,65.6
0,24.0,14.8,0.9,82.0,11.3,82.0,631.675789,2.08,0.495,10.3,65.0
0,216.0,14.3,1.1,8.0,11.4,8.0,539.8791529,2.03,0.483,10.1,64.1
0,234.0,13.9,1.4,82.0,11.5,82.0,474.2238766,1.99,0.47,10.0,62.9
0,253.0,13.5,1.7,85.0,11.6,86.0,48.615184,1.38,0.458,9.7,61.5
0,268.0,13.1,1.9,69.0,11.6,69.0,362.4213785,1.44,0.445,9.3,63.0
0,273.0,12.8,2.1,54.0,11.6,54.0,339.676984,1.43,0.427,8.2,59.3
0,273.0,12.4,2.2,6.0,11.6,59.0,321.22634,1.71,0.412,7.6,58.5
0,274.0,12.1,2.1,59.0,11.6,62.0,3.685949,1.51,0.401,7.2,57.7
0,357.0,29.0,3.5,84.0,5.6,83.0,1244.429421,3.755,0.514,10.4,57.3
0,366.0,28.4,3.7,87.0,5.7,86.0,1441.1417,0.01,0.507,10.4,56.7
0,364.0,27.8,4.0,89.0,5.8,88.0,1365.34419,0.01,0.501,10.4,56.4
0,369.0,27.2,4.6,85.0,5.9,85.0,1255.648189,0.01,0.496,10.4,55.9
0,371.0,26.6,4.9,82.0,6.0,8.0,1295.649726,6.19,0.486,10.0,55.6
0,37.0,26.0,5.5,84.0,6.1,83.0,1182.869227,6.15,0.48,9.7,55.3
0,373.0,25.4,6.3,8.0,6.3,79.0,123.19538,5.89,0.473,9.2,54.8
0,382.0,24.9,6.7,84.0,6.4,82.0,1233.524316,5.9,0.466,8.8,54.2
0,395.0,24.4,7.0,82.0,6.6,81.0,111.71186,5.44,0.456,8.0,53.6
0,394.0,23.8,7.2,81.0,6.7,78.0,12.989164,5.22,0.456,8.2,53.3
0,4.0,23.3,7.4,8.0,6.9,79.0,952.1872484,5.03,0.456,8.3,52.8
0,412.0,22.8,7.5,73.0,7.0,72.0,93.211716,4.71,0.455,8.2,52.1
0,412.0,22.3,7.7,73.0,7.2,72.0,824.8689393,4.64,0.452,8.1,51.8
0,47.0,21.8,7.8,66.0,7.4,66.0,676.397661,4.58,0.452,8.4,51.6
0,41.0,21.3,7.9,63.0,7.5,61.0,614.6729339,4.43,0.437,7.1,51.5
0,394.0,2.9,7.7,62.0,7.7,57.0,68.414399,3.91,0.433,6.9,51.4
0,64.0,67.0,0.1,91.0,0.6,91.0,43315.744,3.755,0.919,16.3,82.2
0,65.0,66.4,0.1,91.0,0.5,91.0,544.43376,8.1,0.912,15.9,82.0
0,67.0,65.8,0.1,91.0,0.5,91.0,52413.72116,8.2,0.909,15.9,81.8
0,68.0,65.3,0.1,95.0,0.5,99.0,52496.69487,8.3,0.907,15.9,81.6
0,68.0,64.7,0.1,87.0,0.5,87.0,5282.2176,8.2,0.903,15.9,81.5
0,7.0,64.1,0.1,89.0,0.5,88.0,47447.4762,8.4,0.898,15.9,81.2
0,72.0,63.6,0.1,91.0,0.5,89.0,4773.45436,8.4,0.898,15.9,81.0
0,74.0,63.0,0.1,92.0,0.5,89.0,46596.33599,8.3,0.897,15.8,87.0
0,74.0,62.5,0.1,94.0,0.5,9.0,44544.5268,8.3,0.894,15.8,85.0
0,75.0,61.9,0.1,95.0,0.5,95.0,4386.69948,8.2,0.891,15.8,85.0
0,76.0,61.3,0.1,93.0,0.5,93.0,36189.58838,8.0,0.886,15.8,81.0
0,77.0,6.6,0.1,91.0,0.5,91.0,31979.87195,7.8,0.881,15.8,80.0
0,78.0,6.0,0.1,91.0,0.5,88.0,28172.14883,7.7,0.877,15.8,79.7
0,79.0,59.3,0.1,88.0,0.5,88.0,24167.8431,7.7,0.872,15.8,79.5
0,8.0,58.5,0.1,89.0,0.5,88.0,23691.59472,7.6,0.867,15.8,79.4
0,82.0,57.8,0.1,89.0,0.5,88.0,24124.16917,7.6,0.864,15.9,79.1
0,397.0,22.7,4.4,47.0,8.2,47.0,348.381417,3.755,0.347,7.1,52.5
0,437.0,22.1,4.5,47.0,8.4,47.0,377.132274,0.01,0.345,7.1,58.0
0,451.0,21.6,5.1,23.0,8.5,23.0,337.4849614,0.01,0.37,7.1,49.9
0,439.0,21.2,5.1,47.0,8.7,47.0,486.41114,0.01,0.366,7.1,53.0
0,443.0,2.7,5.8,47.0,8.8,47.0,494.336779,1.66,0.361,6.8,49.8
0,446.0,2.2,6.6,45.0,9.0,46.0,446.4434494,1.67,0.352,6.6,49.2
0,453.0,19.8,7.3,42.0,9.1,45.0,449.961839,1.56,0.345,6.4,48.6
0,477.0,19.4,8.3,45.0,9.3,46.0,456.8614334,1.52,0.338,6.3,47.6
0,495.0,19.0,9.0,48.0,9.4,46.0,397.148467,1.5,0.33,6.2,46.8
0,56.0,18.6,10.0,51.0,9.6,47.0,347.673678,1.54,0.323,6.0,46.3
0,511.0,18.2,11.2,54.0,9.7,47.0,327.1149461,1.5,0.319,5.9,45.9
0,512.0,17.9,12.0,51.0,9.9,45.0,313.21598,1.5,0.315,5.7,45.7
0,51.0,17.5,12.8,47.0,1.0,44.0,286.25819,1.49,0.316,5.6,45.7
0,58.0,17.2,13.4,44.0,1.2,42.0,253.768343,1.47,0.315,5.4,45.6
0,54.0,16.8,13.9,4.0,1.4,4.0,243.1586486,1.52,0.314,5.3,45.6
0,49.0,16.5,14.3,37.0,1.5,38.0,243.5429317,1.51,0.312,5.2,46.0
0,356.0,19.1,2.8,46.0,8.5,52.0,777.248751,3.755,0.394,7.3,53.1
0,362.0,18.7,2.9,37.0,8.7,44.0,125.998515,0.01,0.39,7.3,52.6
0,366.0,18.2,3.1,39.0,8.8,46.0,986.13177,0.64,0.387,7.3,52.2
0,367.0,17.9,3.6,4.0,9.0,51.0,973.472574,0.62,0.381,7.3,51.8
0,365.0,17.5,3.9,33.0,9.2,4.0,989.2363633,0.56,0.37,6.7,51.6
0,364.0,17.1,4.1,39.0,9.4,43.0,896.5697341,0.5,0.36,6.7,51.2
0,37.0,16.7,4.4,24.0,9.6,32.0,84.455939,0.47,0.343,6.3,57.0
0,394.0,16.4,4.7,19.0,9.8,3.0,929.772391,0.45,0.338,6.0,49.6
0,394.0,16.1,4.9,28.0,1.0,38.0,81.683884,0.42,0.306,5.7,49.4
0,414.0,15.7,5.1,4.0,1.3,49.0,712.1847694,0.41,0.303,5.5,48.5
0,46.0,15.4,5.2,25.0,1.5,37.0,66.2421396,0.42,0.306,5.6,48.6
0,45.0,15.1,5.2,21.0,1.7,31.0,454.6765879,0.34,0.301,5.6,48.5
0,43.0,14.8,5.1,23.0,1.9,36.0,292.5914364,0.42,0.284,5.4,48.4
0,43.0,14.4,5.0,25.0,11.1,31.0,22.854821,0.36,0.303,5.1,48.1
0,4.0,14.1,4.8,26.0,11.3,26.0,197.3156442,0.3,0.3,4.9,48.0
0,44.0,13.9,4.6,36.0,11.5,3.0,166.231785,0.25,0.0,4.7,47.6
0,82.0,63.8,0.1,96.0,0.8,96.0,13653.2264,3.755,0.845,16.3,85.0
0,83.0,63.1,0.1,95.0,0.8,95.0,14817.37778,7.16,0.841,16.2,83.0
0,84.0,62.5,0.1,91.0,0.8,9.0,15941.39722,7.2,0.831,15.6,81.0
0,84.0,61.8,0.1,9.0,0.8,9.0,15431.9293,6.76,0.826,15.5,79.9
0,86.0,61.2,0.1,94.0,0.8,93.0,1475.69242,7.26,0.82,15.4,79.8
0,89.0,6.6,0.1,92.0,0.8,92.0,1286.17764,7.93,0.815,15.2,79.1
0,91.0,59.9,0.1,94.0,0.8,94.0,1243.32824,7.67,0.816,15.3,79.3
0,88.0,59.3,0.1,95.0,0.9,95.0,1781.3668,7.31,0.804,15.2,79.6
0,9.0,58.7,0.1,96.0,0.9,95.0,1526.87746,7.39,0.797,14.8,78.9
0,91.0,58.1,0.1,94.0,0.9,94.0,9484.681227,7.33,0.796,14.9,78.9
0,93.0,57.4,0.1,91.0,0.9,92.0,7615.3468,7.57,0.79,14.6,78.4
0,97.0,56.8,0.1,93.0,0.9,94.0,621.828325,6.32,0.781,14.3,78.0
0,1.0,56.1,0.1,96.0,1.0,96.0,4787.699532,6.37,0.775,14.0,77.9
0,11.0,55.4,0.1,97.0,1.0,97.0,4463.545867,6.06,0.768,13.9,77.8
0,16.0,54.7,0.1,97.0,1.0,96.0,4595.666327,6.1,0.761,13.7,77.3
0,13.0,54.0,0.1,91.0,1.1,91.0,511.368479,6.24,0.755,13.5,77.3
0,85.0,32.9,0.1,99.0,3.6,99.0,869.211938,3.755,0.734,13.5,76.1
0,86.0,31.9,0.1,99.0,3.7,99.0,7683.5238,5.78,0.723,13.1,75.8
0,88.0,3.9,0.1,99.0,3.8,99.0,777.77594,5.79,0.713,12.7,75.6
0,89.0,3.0,0.1,99.0,3.9,99.0,6337.882993,5.74,0.703,12.4,75.4
0,91.0,29.0,0.1,99.0,4.1,99.0,5633.79616,5.63,0.7,12.8,75.2
0,92.0,28.1,0.1,99.0,4.2,99.0,456.512487,5.75,0.691,12.5,75.0
0,93.0,27.3,0.1,99.0,4.4,99.0,3838.434292,4.88,0.682,12.2,74.9
0,97.0,26.5,0.1,97.0,4.5,99.0,3471.247547,4.27,0.672,11.9,74.5
0,96.0,25.7,0.1,93.0,4.7,94.0,2695.366223,3.88,0.659,11.4,74.4
0,98.0,24.9,0.1,93.0,4.8,94.0,299.229676,3.28,0.646,11.0,74.2
0,99.0,24.1,0.1,87.0,5.0,87.0,1753.4178,2.92,0.634,10.6,73.9
0,11.0,23.4,0.1,87.0,5.1,87.0,158.668462,3.04,0.622,10.2,73.5
0,13.0,22.6,0.1,86.0,5.3,87.0,1288.642924,2.96,0.61,9.9,73.1
0,16.0,21.9,0.1,86.0,5.5,86.0,1148.5857,2.91,0.6,9.7,72.7
0,11.0,21.2,0.1,86.0,5.7,86.0,153.1824,2.84,0.592,9.6,72.2
0,115.0,2.5,0.1,85.0,5.9,86.0,959.372181,3.06,0.583,9.5,71.7
0,143.0,57.9,0.1,91.0,2.1,91.0,644.525556,3.755,0.724,13.6,74.8
0,144.0,57.2,0.1,9.0,2.1,9.0,7913.383432,4.38,0.72,13.6,74.6
0,145.0,56.4,0.1,91.0,2.1,91.0,83.5863,4.41,0.712,13.3,74.4
0,143.0,55.7,0.1,91.0,2.1,91.0,7884.984429,4.44,0.707,13.2,74.3
0,144.0,55.0,0.1,85.0,2.2,85.0,7227.73968,4.37,0.7,13.0,74.2
0,15.0,54.2,0.1,88.0,2.2,88.0,625.65544,4.28,0.695,12.8,73.6
0,15.0,53.5,0.1,92.0,2.2,92.0,5148.422113,4.34,0.691,12.4,73.6
0,146.0,52.8,0.1,92.0,2.3,92.0,5433.7245,4.45,0.683,12.2,73.5
0,144.0,52.0,0.1,93.0,2.3,93.0,4674.21961,4.66,0.675,11.9,73.5
0,147.0,51.3,0.1,93.0,2.3,94.0,379.78776,4.53,0.669,11.5,73.1
0,144.0,5.5,0.1,93.0,2.4,93.0,3386.256,4.38,0.658,11.1,73.1
0,148.0,49.8,0.1,89.0,2.4,89.0,274.249442,4.26,0.658,11.3,72.8
0,15.0,49.0,0.1,92.0,2.5,92.0,2246.257472,4.25,0.659,11.6,72.4
0,163.0,48.2,0.1,81.0,2.5,83.0,2355.725857,4.45,0.656,11.5,71.8
0,165.0,47.5,0.1,8.0,2.5,83.0,2395.856551,4.43,0.653,11.4,71.5
0,167.0,46.7,0.1,79.0,2.6,82.0,2472.197831,4.66,0.65,11.3,71.4
0,227.0,24.2,0.8,91.0,6.7,92.0,727.6463868,3.755,0.498,11.1,63.5
0,23.0,23.7,0.8,87.0,6.8,87.0,852.954379,0.01,0.497,11.1,63.2
0,233.0,23.2,0.8,87.0,6.8,85.0,834.341949,0.01,0.49,10.9,62.9
0,237.0,22.6,0.8,86.0,6.9,85.0,788.632653,0.01,0.484,10.8,62.5
0,241.0,22.1,0.2,83.0,7.0,85.0,829.7586885,0.12,0.479,10.6,62.2
0,246.0,21.6,0.1,74.0,7.1,82.0,769.1742883,0.15,0.476,10.5,61.8
0,251.0,21.1,0.1,83.0,7.2,84.0,778.5454199,0.17,0.465,10.3,61.3
0,255.0,2.6,0.1,81.0,7.2,81.0,795.97519,0.12,0.461,10.2,61.0
0,259.0,2.1,0.1,75.0,7.3,75.0,72.759313,0.16,0.459,10.0,66.0
0,262.0,19.6,0.1,69.0,7.4,69.0,648.38717,0.25,0.451,9.9,63.0
0,266.0,19.2,0.1,68.0,7.5,67.0,621.93372,0.24,0.434,9.7,60.0
0,269.0,18.8,0.1,76.0,7.5,73.0,616.4197236,0.27,0.0,9.5,59.8
0,271.0,18.4,0.1,8.0,7.6,8.0,544.566526,0.26,0.0,9.2,59.6
0,271.0,18.0,0.1,89.0,7.7,98.0,433.2691451,0.08,0.0,8.8,59.5
0,272.0,17.6,0.1,7.0,7.8,7.0,395.9319363,0.08,0.0,8.5,59.5
0,272.0,17.3,0.1,7.0,7.9,7.0,375.8528566,0.09,0.0,8.2,59.5
0,267.0,27.4,2.8,8.0,7.5,8.0,1766.947595,3.755,0.59,11.1,64.7
0,275.0,26.8,3.0,9.0,7.6,9.0,1766.947595,0.01,0.581,11.1,64.2
0,274.0,26.2,3.0,85.0,7.7,85.0,1766.947595,0.01,0.576,11.1,63.9
0,273.0,25.6,3.3,85.0,7.9,61.0,1766.947595,0.01,0.557,10.2,63.7
0,285.0,25.0,3.5,82.0,8.0,69.0,1766.947595,3.82,0.558,10.7,62.9
0,298.0,24.5,3.8,74.0,8.1,72.0,1766.947595,3.53,0.548,10.5,62.0
0,314.0,23.9,4.0,78.0,8.3,76.0,1766.947595,3.47,0.545,10.3,68.0
0,338.0,23.3,4.3,79.0,8.4,77.0,1766.947595,2.58,0.527,10.0,59.4
0,354.0,22.8,5.0,72.0,8.5,71.0,1766.947595,2.75,0.517,9.8,58.2
0,368.0,22.3,5.5,73.0,8.7,73.0,1766.947595,2.25,0.507,9.6,56.9
0,394.0,21.7,5.9,62.0,8.8,62.0,1766.947595,2.03,0.496,9.4,55.3
0,48.0,21.2,6.3,67.0,9.0,67.0,1766.947595,2.58,0.497,9.2,54.1
0,417.0,2.7,6.8,5.0,9.1,5.0,1766.947595,2.45,0.492,9.4,53.2
0,424.0,2.3,7.2,41.0,9.3,41.0,1766.947595,2.55,0.488,9.5,52.6
0,419.0,19.8,7.6,31.0,9.4,32.0,1766.947595,2.3,0.487,9.7,52.7
0,416.0,19.3,7.8,33.0,9.5,31.0,1766.947595,2.26,0.487,9.8,52.9
0,144.0,82.8,0.1,98.0,0.1,98.0,1766.947595,0.01,0.677,12.3,72.1
0,95.0,6.5,0.1,92.0,1.7,92.0,1146.36273,3.755,0.775,14.2,79.6
0,96.0,59.5,0.1,91.0,1.7,91.0,1647.44179,3.45,0.768,13.9,79.5
0,96.0,58.5,0.1,95.0,1.7,95.0,1569.66631,3.42,0.762,13.7,79.4
0,97.0,57.5,0.1,91.0,1.8,9.0,9985.36959,3.34,0.758,13.6,79.2
0,98.0,56.5,0.1,85.0,1.8,82.0,9186.59639,3.41,0.752,13.4,79.0
0,16.0,55.5,0.1,88.0,1.8,93.0,8199.414621,3.58,0.749,13.3,78.1
0,96.0,54.4,0.1,86.0,1.9,8.0,689.396224,4.07,0.747,13.1,79.2
0,99.0,53.4,0.1,9.0,1.9,89.0,6911.136136,4.22,0.74,12.9,78.9
0,93.0,52.4,0.1,89.0,1.9,89.0,612.623418,4.2,0.734,12.8,78.9
0,16.0,51.4,0.1,89.0,2.0,89.0,5245.187372,4.15,0.727,12.6,78.0
0,97.0,5.3,0.1,91.0,2.0,91.0,4697.11135,4.1,0.723,12.4,78.6
0,12.0,49.3,0.1,9.0,2.1,9.0,4425.57467,4.09,0.719,12.2,77.7
0,1.0,48.3,0.1,88.0,2.2,88.0,4167.71417,4.04,0.715,12.1,78.0
0,99.0,47.3,0.1,94.0,2.2,94.0,462.14965,4.17,0.712,11.9,78.3
0,1.0,46.4,0.1,91.0,2.3,92.0,3981.52847,4.29,0.708,11.7,77.5
0,98.0,45.4,0.1,88.0,2.4,8.0,388.363689,4.34,0.702,11.6,77.6
1,95.0,63.7,0.1,94.0,1.5,94.0,11579.6674,3.755,0.823,15.3,78.0
1,97.0,63.1,0.1,95.0,1.5,95.0,13467.46827,12.14,0.82,15.1,77.8
1,97.0,62.5,0.1,96.0,1.5,96.0,13574.749,12.39,0.817,14.9,77.7
1,14.0,61.9,0.1,96.0,1.5,96.0,13235.97757,11.49,0.815,14.6,77.1
1,14.0,61.3,0.1,96.0,1.6,96.0,14539.18421,12.19,0.808,14.5,77.0
1,16.0,6.6,0.1,97.0,1.6,97.0,1355.74586,12.1,0.803,14.2,76.6
1,19.0,6.0,0.1,96.0,1.7,96.0,14157.14416,12.21,0.803,14.2,76.3
1,116.0,59.4,0.1,96.0,1.7,96.0,15893.8656,12.06,0.8,14.3,76.0
1,114.0,58.7,0.1,96.0,1.8,96.0,13546.69872,12.56,0.793,14.3,75.8
1,113.0,58.1,0.1,96.0,1.8,96.0,11363.41845,11.83,0.783,13.9,75.9
1,116.0,57.5,0.1,96.0,1.8,96.0,1224.2459,11.59,0.777,13.6,75.2
1,114.0,56.9,0.1,96.0,1.9,96.0,9365.742468,13.11,0.771,13.3,75.4
1,122.0,56.3,0.1,94.0,1.9,95.0,785.881418,13.78,0.765,12.9,74.7
1,124.0,55.8,0.1,95.0,2.0,95.0,653.71637,13.39,0.759,12.6,74.8
1,126.0,55.2,0.1,94.0,2.0,94.0,5245.421419,13.15,0.749,12.3,74.9
1,127.0,54.7,0.1,93.0,2.1,94.0,4919.62869,12.73,0.739,12.2,74.7
0,92.0,61.4,0.1,99.0,3.5,99.0,762.261218,3.755,0.773,13.9,79.1
0,93.0,6.7,0.1,99.0,3.4,99.0,75.5199,4.37,0.772,14.0,79.0
0,96.0,59.9,0.1,99.0,3.4,99.0,676.15344,4.18,0.773,14.7,78.7
0,96.0,59.2,0.1,99.0,3.4,98.0,6425.941119,4.16,0.778,15.7,78.7
0,92.0,58.4,0.1,97.0,3.4,99.0,675.92436,4.14,0.78,16.5,78.8
0,98.0,57.7,0.1,96.0,3.4,99.0,5676.14143,4.13,0.784,17.6,78.0
0,11.0,56.9,0.1,96.0,3.4,99.0,5484.7763,4.01,0.782,17.7,78.1
0,12.0,56.2,0.1,95.0,3.4,99.0,5376.447622,4.26,0.771,17.1,77.9
0,14.0,55.4,0.1,93.0,3.4,99.0,5184.494227,4.13,0.754,16.0,78.1
0,14.0,54.6,0.1,89.0,3.4,99.0,4669.6916,4.17,0.732,14.7,78.0
0,19.0,53.8,0.1,89.0,3.4,99.0,3779.577,4.48,0.719,14.2,77.2
0,17.0,53.0,0.1,88.0,3.4,98.0,339.716256,4.38,0.705,13.2,77.3
0,18.0,52.1,0.1,72.0,3.5,98.0,3192.669378,4.39,0.694,12.9,77.4
0,19.0,51.3,0.1,99.0,3.5,98.0,2994.339988,4.1,0.692,12.5,77.7
0,115.0,5.4,0.1,98.0,3.6,99.0,2832.188893,4.04,0.686,12.3,76.7
0,115.0,49.4,0.1,95.0,3.6,98.0,2741.11542,3.92,0.679,12.1,76.9
1,52.0,6.3,0.1,97.0,1.0,97.0,2375.1127,3.755,0.854,14.3,85.0
1,53.0,59.8,0.1,99.0,0.9,99.0,2734.88382,0.01,0.85,14.0,83.0
1,54.0,59.2,0.1,99.0,0.9,99.0,2797.96736,9.04,0.85,13.8,81.0
1,56.0,58.7,0.1,99.0,0.9,99.0,28951.15556,10.55,0.85,13.8,80.0
1,57.0,58.3,0.1,99.0,0.9,99.0,32233.83942,10.69,0.847,13.8,79.7
1,59.0,57.8,0.1,99.0,0.9,99.0,3818.46396,11.32,0.853,14.6,79.5
1,6.0,57.3,0.1,99.0,0.9,99.0,3215.8159,10.8,0.849,14.1,79.3
1,62.0,56.8,0.1,97.0,0.9,97.0,3539.7488,12.01,0.844,13.7,79.1
1,63.0,56.3,0.1,97.0,0.9,97.0,31386.63265,11.56,0.836,13.5,78.9
1,64.0,55.8,0.1,97.0,0.9,97.0,27169.99256,11.47,0.829,13.4,78.8
1,65.0,55.3,0.1,98.0,0.9,98.0,25324.48666,11.41,0.826,13.5,78.7
1,65.0,54.8,0.1,98.0,0.9,98.0,23932.49128,13.03,0.823,13.4,78.6
1,66.0,54.3,0.1,98.0,0.9,98.0,2293.4789,10.62,0.815,13.0,78.5
1,68.0,53.8,0.1,98.0,0.9,98.0,16372.29152,11.68,0.805,12.5,78.4
1,69.0,53.3,0.1,97.0,0.9,97.0,1562.92433,10.16,0.8,12.4,78.2
1,7.0,52.8,0.1,97.0,0.9,97.0,14672.8826,9.56,0.798,12.5,78.1
1,86.0,66.1,0.1,97.0,1.8,97.0,1766.947595,3.755,0.677,12.3,78.8
1,88.0,65.6,0.1,97.0,1.8,99.0,1766.947595,12.68,0.677,12.3,78.6
1,9.0,65.1,0.1,98.0,1.8,99.0,1766.947595,12.45,0.677,12.3,78.2
1,93.0,64.5,0.1,99.0,1.8,99.0,1766.947595,12.71,0.677,12.3,78.0
1,97.0,64.0,0.1,99.0,1.9,99.0,1766.947595,12.43,0.677,12.3,77.8
1,99.0,63.6,0.1,99.0,1.9,99.0,1766.947595,12.69,0.677,12.3,77.5
1,12.0,63.1,0.1,99.0,1.9,99.0,1766.947595,13.23,0.677,12.3,77.1
1,16.0,62.6,0.1,99.0,1.9,99.0,1766.947595,13.25,0.677,12.3,77.0
1,17.0,62.2,0.1,99.0,2.0,99.0,1766.947595,13.43,0.677,12.3,76.8
1,19.0,61.8,0.1,98.0,2.0,98.0,1766.947595,13.03,0.677,12.3,76.5
1,114.0,61.3,0.1,97.0,2.1,96.0,1766.947595,13.19,0.677,12.3,75.9
1,116.0,6.8,0.1,98.0,2.1,96.0,1766.947595,13.24,0.677,12.3,75.8
1,122.0,6.4,0.1,97.0,2.2,97.0,1766.947595,13.01,0.677,12.3,75.2
1,12.0,59.9,0.1,98.0,2.2,97.0,1766.947595,13.47,0.677,12.3,75.3
1,123.0,59.4,0.1,98.0,2.2,97.0,1766.947595,13.36,0.677,12.3,75.1
1,126.0,59.0,0.1,98.0,2.3,98.0,1766.947595,13.22,0.677,12.3,74.7
0,139.0,32.9,0.1,96.0,4.9,99.0,1766.947595,3.755,0.677,12.3,76.0
0,142.0,32.4,0.1,93.0,4.9,99.0,1766.947595,0.01,0.677,12.3,73.0
0,146.0,31.8,0.1,93.0,5.0,99.0,1766.947595,3.35,0.677,12.3,71.0
0,149.0,31.3,0.1,96.0,5.1,99.0,1766.947595,3.61,0.677,12.3,69.8
0,153.0,3.8,0.1,94.0,5.1,99.0,1766.947595,3.39,0.677,12.3,69.4
0,157.0,3.3,0.1,93.0,5.2,99.0,1766.947595,3.12,0.677,12.3,69.0
0,161.0,29.7,0.1,93.0,5.3,98.0,1766.947595,3.35,0.677,12.3,68.7
0,164.0,29.2,0.1,92.0,5.4,98.0,1766.947595,3.16,0.677,12.3,68.6
0,166.0,28.7,0.1,92.0,5.5,99.0,1766.947595,3.13,0.677,12.3,68.5
0,165.0,28.2,0.1,89.0,5.6,98.0,1766.947595,3.28,0.677,12.3,68.5
0,165.0,27.7,0.1,79.0,5.7,97.0,1766.947595,3.21,0.677,12.3,68.5
0,165.0,27.2,0.1,72.0,5.7,99.0,1766.947595,3.13,0.677,12.3,68.4
0,165.0,26.7,0.1,68.0,5.8,99.0,1766.947595,3.13,0.677,12.3,68.1
0,167.0,26.2,0.1,64.0,5.9,99.0,1766.947595,3.08,0.677,12.3,67.6
0,177.0,25.7,0.1,62.0,5.9,98.0,1766.947595,2.53,0.677,12.3,66.6
0,192.0,25.2,0.1,56.0,6.0,93.0,1766.947595,3.52,0.677,12.3,65.4
0,258.0,21.6,1.1,81.0,9.5,78.0,1766.947595,3.755,0.677,12.3,59.8
0,266.0,21.1,1.1,8.0,9.7,79.0,1766.947595,0.01,0.677,12.3,59.3
0,272.0,2.6,1.2,74.0,9.9,74.0,1766.947595,0.01,0.677,12.3,58.8
0,277.0,2.1,1.5,75.0,1.0,76.0,1766.947595,0.01,0.677,12.3,58.3
0,278.0,19.6,1.6,74.0,1.2,77.0,1766.947595,1.82,0.677,12.3,57.9
0,283.0,19.1,1.6,6.0,1.4,76.0,1766.947595,1.81,0.677,12.3,57.4
0,292.0,18.6,1.7,72.0,1.6,78.0,1766.947595,2.13,0.677,12.3,56.7
0,295.0,18.2,1.8,65.0,1.8,64.0,1766.947595,2.09,0.677,12.3,56.3
0,299.0,17.8,1.9,7.0,11.1,72.0,1766.947595,1.52,0.677,12.3,55.7
0,36.0,17.3,2.0,62.0,11.3,62.0,1766.947595,1.53,0.677,12.3,55.0
0,314.0,16.9,2.0,6.0,11.5,6.0,1766.947595,1.43,0.677,12.3,54.3
0,323.0,16.5,2.1,54.0,11.7,52.0,1766.947595,1.44,0.677,12.3,53.5
0,332.0,16.1,2.2,41.0,11.9,47.0,1766.947595,1.83,0.677,12.3,52.8
0,341.0,15.7,2.4,38.0,12.1,4.0,1766.947595,1.85,0.677,12.3,52.1
0,34.0,15.3,2.4,3.0,12.2,3.0,1766.947595,1.9,0.677,12.3,51.8
0,346.0,14.9,2.5,4.0,12.4,42.0,1766.947595,1.98,0.677,12.3,51.3
1,71.0,58.8,0.1,93.0,1.1,93.0,5314.64416,3.755,0.923,19.2,86.0
1,73.0,58.4,0.1,94.0,1.1,94.0,62425.5392,9.64,0.926,19.2,84.0
1,75.0,58.1,0.1,94.0,1.1,94.0,61191.19263,9.5,0.924,18.7,81.0
1,76.0,57.7,0.1,94.0,1.1,94.0,5857.521,9.26,0.922,18.4,80.0
1,79.0,57.4,0.1,91.0,1.1,91.0,61753.667,10.47,0.91,16.9,79.7
1,84.0,57.0,0.1,9.0,1.1,9.0,5841.41122,10.28,0.906,16.8,79.2
1,86.0,56.6,0.1,89.0,1.1,89.0,58163.29359,10.08,0.906,16.8,78.9
1,88.0,56.3,0.1,88.0,1.1,88.0,64322.6664,10.7,0.906,16.8,78.8
1,93.0,55.9,0.1,87.0,1.2,87.0,58487.451,10.99,0.904,16.7,78.4
1,93.0,55.4,0.1,93.0,1.2,93.0,5226.99311,11.02,0.902,16.9,78.1
1,92.0,55.0,0.1,93.0,1.2,93.0,48799.8237,11.28,0.897,16.6,78.1
1,98.0,54.4,0.1,95.0,1.2,95.0,46511.6457,11.27,0.893,16.5,77.7
1,11.0,53.9,0.1,96.0,1.2,96.0,4458.7764,11.54,0.882,16.3,77.3
1,14.0,53.3,0.1,98.0,1.2,98.0,33228.69291,11.34,0.875,16.6,77.0
1,12.0,52.8,0.1,97.0,1.3,97.0,3751.64946,11.56,0.862,16.2,77.0
1,12.0,52.2,0.1,97.0,1.3,97.0,3743.55917,11.69,0.86,16.5,76.9
0,241.0,35.0,2.1,84.0,5.6,84.0,1862.167274,3.755,0.47,6.3,63.5
0,252.0,34.4,2.1,78.0,5.6,78.0,174.91511,0.38,0.467,6.3,63.0
0,256.0,33.8,2.1,82.0,5.6,82.0,1622.637974,0.53,0.464,6.3,62.7
0,263.0,33.2,1.9,81.0,5.6,81.0,1536.15685,0.52,0.46,6.3,62.2
0,268.0,32.7,2.7,87.0,5.6,87.0,143.986898,0.39,0.451,5.9,61.8
0,273.0,32.2,3.1,88.0,5.6,88.0,1325.99724,0.44,0.441,5.5,61.3
0,279.0,31.7,3.2,89.0,5.7,89.0,1253.657431,0.49,0.436,5.3,69.0
0,289.0,31.3,3.3,89.0,5.7,89.0,1214.77118,0.49,0.427,5.0,62.0
0,296.0,3.9,3.5,88.0,5.8,88.0,147.586896,0.45,0.416,4.5,59.8
0,39.0,3.6,3.7,72.0,5.8,72.0,965.6693779,1.02,0.405,4.3,59.1
0,318.0,3.2,3.9,71.0,5.9,71.0,94.7297489,1.23,0.396,4.0,58.6
0,326.0,29.8,4.0,64.0,6.0,64.0,864.184726,1.18,0.388,3.7,58.1
0,325.0,29.4,4.2,68.0,6.1,68.0,819.974118,1.02,0.378,3.5,58.0
0,322.0,29.0,4.3,62.0,6.2,62.0,792.15412,1.03,0.372,3.3,57.9
0,323.0,28.6,4.3,53.0,6.3,49.0,781.2322196,0.95,0.363,2.9,57.7
0,325.0,28.2,4.1,46.0,6.4,46.0,768.176767,1.34,0.361,2.9,57.4
0,144.0,58.4,0.1,96.0,2.7,96.0,722.75665,0.01,0.721,12.7,72.1
0,152.0,58.9,0.3,85.0,3.3,87.0,6468.471648,3.755,0.718,13.2,73.9
0,154.0,57.9,0.3,91.0,3.3,9.0,6268.692122,5.92,0.712,13.2,73.6
0,157.0,56.8,0.3,83.0,3.3,82.0,627.55544,5.93,0.709,13.2,73.4
0,174.0,55.8,0.4,85.0,3.3,85.0,5968.876767,5.93,0.706,13.1,72.1
0,16.0,54.7,0.7,84.0,3.3,84.0,5759.643,5.91,0.703,13.0,73.1
0,166.0,53.6,0.9,88.0,3.3,85.0,5451.6696,6.02,0.697,12.9,72.7
0,157.0,52.6,1.2,82.0,3.4,85.0,4952.67753,6.05,0.695,12.9,73.6
0,161.0,51.5,1.4,82.0,3.4,86.0,511.37937,6.12,0.692,12.8,73.3
0,164.0,5.4,1.6,85.0,3.4,86.0,4647.31359,6.05,0.685,12.7,72.9
0,178.0,49.3,1.8,89.0,3.5,88.0,3836.468771,6.2,0.677,12.6,72.3
0,28.0,48.2,2.0,87.0,3.5,86.0,3681.5993,5.71,0.668,12.6,69.7
0,214.0,47.2,2.1,79.0,3.6,66.0,2421.9662,5.16,0.666,12.5,69.3
0,22.0,46.1,2.3,79.0,3.6,65.0,2372.628827,6.32,0.665,12.4,73.0
0,189.0,45.1,2.4,82.0,3.7,74.0,38.46578,6.43,0.66,12.3,71.4
0,188.0,44.1,2.5,72.0,3.8,71.0,2862.154836,6.13,0.656,12.3,71.2
0,176.0,43.1,2.5,78.0,3.8,71.0,282.4242,6.58,0.651,12.2,72.0
0,118.0,54.2,0.1,78.0,1.2,84.0,625.62224,3.755,0.739,14.0,76.2
0,121.0,53.5,0.1,83.0,1.2,84.0,6432.216537,3.82,0.737,14.0,76.0
0,121.0,52.8,0.1,87.0,1.3,87.0,674.9829,3.77,0.725,13.4,76.0
0,127.0,52.1,0.1,87.0,1.3,85.0,572.14313,3.92,0.717,13.3,75.5
0,131.0,51.4,0.1,88.0,1.3,85.0,5223.351763,3.99,0.71,13.2,75.3
0,134.0,5.7,0.1,91.0,1.3,88.0,4657.32361,3.95,0.703,13.1,75.0
0,137.0,5.0,0.1,94.0,1.3,91.0,4255.56571,3.87,0.702,13.1,75.1
0,139.0,49.3,0.1,96.0,1.3,94.0,4274.95265,3.76,0.698,13.0,74.6
0,14.0,48.6,0.2,96.0,1.4,95.0,359.71886,3.63,0.696,12.9,74.7
0,144.0,47.9,0.3,96.0,1.4,92.0,335.786541,3.52,0.693,12.8,74.4
0,151.0,47.2,0.3,92.0,1.4,89.0,321.942547,3.54,0.688,12.8,74.2
0,148.0,46.5,0.3,88.0,1.5,9.0,278.557892,3.65,0.682,12.7,74.4
0,151.0,45.8,0.3,87.0,1.5,97.0,244.46898,3.69,0.679,12.6,74.4
0,157.0,45.1,0.3,88.0,1.5,88.0,2183.966796,3.88,0.675,12.5,73.6
0,158.0,44.3,0.3,89.0,1.6,9.0,193.741571,4.13,0.67,12.4,73.4
0,163.0,43.6,0.3,87.0,1.6,83.0,1451.29776,3.99,0.668,12.4,72.8
0,159.0,61.1,0.1,93.0,2.8,93.0,1766.947595,3.755,0.688,13.1,79.0
0,161.0,6.2,0.1,94.0,2.8,94.0,1766.947595,0.21,0.686,13.1,78.0
0,159.0,59.4,0.1,97.0,2.9,97.0,1766.947595,0.21,0.681,12.8,79.0
0,165.0,58.6,0.1,93.0,2.9,93.0,1766.947595,0.23,0.673,12.4,72.0
0,168.0,57.8,0.1,96.0,2.9,96.0,1766.947595,0.22,0.671,12.4,74.0
0,173.0,57.0,0.1,97.0,3.0,97.0,1766.947595,0.22,0.665,12.2,70.0
0,174.0,56.2,0.1,97.0,3.0,97.0,1766.947595,0.21,0.659,12.0,69.9
0,172.0,55.5,0.1,97.0,3.1,97.0,1766.947595,0.24,0.651,11.9,69.8
0,171.0,54.8,0.1,98.0,3.1,98.0,1766.947595,0.21,0.644,11.7,69.7
0,175.0,54.2,0.1,98.0,3.2,98.0,1766.947595,0.18,0.636,11.5,69.5
0,174.0,53.5,0.1,98.0,3.2,98.0,1766.947595,0.16,0.629,11.4,69.4
0,176.0,52.9,0.1,97.0,3.3,97.0,1766.947595,0.16,0.623,11.2,69.0
0,178.0,52.3,0.1,98.0,3.3,98.0,1766.947595,0.15,0.621,11.3,68.6
0,177.0,51.8,0.1,97.0,3.4,97.0,1766.947595,0.15,0.617,11.2,68.7
0,177.0,51.2,0.1,99.0,3.5,99.0,1766.947595,0.14,0.612,11.1,68.6
0,171.0,5.7,0.1,98.0,3.6,98.0,1766.947595,0.14,0.606,11.0,68.8
0,178.0,56.1,0.2,91.0,1.6,92.0,4127.11775,3.755,0.678,13.2,73.5
0,181.0,55.4,0.2,94.0,1.6,93.0,3988.771871,2.52,0.676,13.2,73.3
0,184.0,54.7,0.2,92.0,1.6,92.0,3895.664491,2.42,0.675,13.2,73.0
0,181.0,54.1,0.3,92.0,1.6,93.0,3827.786267,2.48,0.67,13.2,73.0
0,197.0,53.4,0.3,89.0,1.7,9.0,3736.58713,2.37,0.666,13.0,72.0
0,191.0,52.8,0.3,89.0,1.7,89.0,3474.392445,2.36,0.662,12.9,72.0
0,23.0,52.1,0.3,91.0,1.7,91.0,3366.482133,2.55,0.662,12.8,71.4
0,194.0,51.4,0.3,98.0,1.8,98.0,357.347674,2.68,0.659,13.4,71.7
0,23.0,5.8,0.3,99.0,1.8,99.0,334.83817,2.83,0.657,12.9,71.2
0,211.0,5.1,0.2,96.0,1.8,96.0,362.951768,2.77,0.651,12.9,75.0
0,213.0,49.4,0.2,89.0,1.9,89.0,2835.281237,2.77,0.644,12.7,71.0
0,215.0,48.6,0.3,9.0,1.9,9.0,2632.79942,2.9,0.636,12.4,70.0
0,29.0,47.8,0.3,94.0,2.0,93.0,2519.737387,3.1,0.628,12.0,69.9
0,24.0,47.0,0.4,81.0,2.0,81.0,248.4125,2.97,0.621,11.8,73.0
0,219.0,46.2,0.4,92.0,2.1,94.0,2338.772244,2.88,0.615,11.6,68.9
0,218.0,45.3,0.4,99.0,2.1,98.0,2238.4116,2.79,0.607,11.3,69.0
0,32.0,24.5,4.2,16.0,8.4,17.0,1347.31257,3.755,0.582,9.2,58.2
0,32.0,24.0,4.4,2.0,8.5,24.0,192.59733,0.01,0.582,9.2,57.9
0,327.0,23.5,5.7,3.0,8.6,3.0,2246.9938,10.72,0.586,9.2,57.4
0,337.0,23.0,8.2,24.0,8.7,3.0,21557.6528,11.89,0.583,9.2,56.7
0,344.0,22.6,7.7,41.0,8.9,39.0,21451.88617,10.99,0.58,9.2,56.2
0,339.0,22.1,7.2,44.0,9.0,59.0,17136.44568,9.93,0.589,9.2,56.1
0,34.0,21.7,7.3,43.0,9.2,57.0,1653.2937,7.97,0.59,9.1,55.7
0,338.0,21.3,6.3,42.0,9.3,55.0,22742.38159,8.34,0.592,9.1,55.4
0,339.0,2.9,5.9,41.0,9.5,54.0,15761.83913,6.86,0.587,9.0,55.0
0,337.0,2.5,5.3,4.0,9.7,52.0,12732.2759,7.28,0.569,9.0,54.8
0,337.0,2.2,4.9,39.0,9.8,5.0,185.63334,7.19,0.563,8.7,54.4
0,336.0,19.8,4.4,38.0,1.0,48.0,685.34897,6.28,0.553,8.5,54.1
0,334.0,19.5,3.6,37.0,1.2,46.0,3577.176197,7.13,0.554,8.4,53.8
0,334.0,19.1,2.9,36.0,1.4,44.0,2711.17114,6.01,0.542,8.2,53.5
0,334.0,18.7,2.3,35.0,1.6,43.0,2283.87939,5.07,0.527,8.0,53.1
0,336.0,18.3,1.9,34.0,1.7,41.0,172.68491,4.46,0.0,0.0,52.7
0,255.0,18.6,0.4,95.0,8.4,95.0,1766.947595,3.755,0.418,5.0,64.7
0,261.0,18.0,0.4,94.0,8.5,94.0,1766.947595,0.01,0.416,5.0,64.4
0,266.0,17.5,0.5,94.0,8.6,94.0,1766.947595,0.01,0.414,5.0,64.0
0,274.0,17.0,0.6,94.0,8.7,94.0,1766.947595,0.01,0.41,5.0,63.6
0,286.0,16.5,0.7,96.0,8.8,96.0,582.775532,0.62,0.405,5.0,62.9
0,298.0,16.0,0.9,9.0,8.9,9.0,482.14994,0.61,0.404,5.1,62.1
0,311.0,15.5,1.0,92.0,9.0,92.0,43.7544499,0.63,0.402,5.2,61.4
0,322.0,15.1,1.1,94.0,9.1,94.0,326.825642,0.49,0.406,5.2,67.0
0,329.0,14.7,1.3,91.0,9.2,91.0,317.3294336,1.23,0.405,5.3,62.0
0,336.0,14.3,1.4,94.0,9.3,94.0,297.828588,0.97,0.405,5.3,59.7
0,34.0,13.9,1.6,96.0,9.4,96.0,276.75896,1.07,0.0,5.4,59.4
0,342.0,13.6,1.8,98.0,9.6,98.0,287.4222243,0.64,0.0,5.0,59.1
0,343.0,13.3,1.9,93.0,9.7,95.0,232.7945459,0.56,0.0,4.7,58.8
0,343.0,13.1,1.9,9.0,9.9,92.0,21.7687981,0.83,0.0,4.4,58.5
0,345.0,12.8,2.0,86.0,1.0,89.0,215.139213,0.61,0.0,4.3,58.1
0,593.0,12.6,1.9,81.0,1.2,82.0,28.1969487,0.83,0.0,3.9,45.3
0,119.0,59.9,0.1,93.0,1.9,93.0,1774.9291,3.755,0.863,16.5,77.6
0,122.0,59.4,0.1,93.0,1.9,93.0,19941.45532,0.01,0.86,16.5,77.3
0,127.0,59.0,0.1,94.0,1.9,94.0,1929.7746,0.01,0.856,16.5,76.9
0,135.0,58.5,0.1,94.0,1.9,94.0,17421.8922,0.01,0.85,16.5,76.3
0,138.0,58.0,0.1,93.0,1.9,93.0,17454.84342,0.01,0.838,16.4,76.1
0,137.0,57.6,0.1,94.0,1.9,94.0,14638.6482,14.97,0.833,16.2,75.6
0,156.0,57.1,0.1,95.0,2.0,95.0,14726.31828,15.04,0.836,16.1,74.9
0,167.0,56.7,0.1,95.0,2.0,95.0,1894.5485,16.99,0.835,16.1,74.2
0,189.0,56.3,0.1,95.0,2.0,95.0,16586.452,17.87,0.829,16.1,73.0
0,188.0,55.9,0.1,95.0,2.1,95.0,12595.4165,16.58,0.822,16.1,73.0
0,189.0,55.5,0.1,96.0,2.1,96.0,1338.31322,15.52,0.812,15.9,72.8
0,195.0,55.2,0.1,94.0,2.2,95.0,885.465115,15.07,0.805,15.7,72.3
0,199.0,54.9,0.1,94.0,2.2,95.0,7174.237415,11.64,0.798,15.6,71.9
0,211.0,54.6,0.1,94.0,2.3,94.0,538.347781,11.48,0.791,15.4,71.2
0,225.0,54.3,0.1,94.0,2.4,94.0,4498.95727,0.01,0.781,15.0,78.0
0,218.0,54.0,0.1,93.0,2.5,93.0,47.32827,0.01,0.764,14.4,78.0
0,225.0,17.6,0.6,77.0,1.4,75.0,645.4637627,3.755,0.441,8.4,64.8
0,234.0,17.2,0.6,77.0,1.5,75.0,571.1622759,0.01,0.435,8.4,64.2
0,237.0,16.8,0.9,72.0,1.6,7.0,52.1535887,1.86,0.427,8.4,63.7
0,241.0,16.4,1.2,69.0,1.7,7.0,468.567249,1.84,0.422,8.4,63.3
0,249.0,16.0,1.4,65.0,1.9,7.0,354.8463544,1.32,0.411,8.2,62.6
0,261.0,15.6,1.7,61.0,11.0,69.0,341.39992,1.34,0.401,8.1,61.8
0,274.0,15.3,2.0,58.0,11.1,65.0,379.7566385,1.17,0.393,8.1,68.0
0,289.0,14.9,2.4,54.0,11.2,63.0,325.3825543,1.13,0.378,7.6,59.8
0,39.0,14.5,2.8,5.0,11.3,61.0,243.326822,1.06,0.362,7.1,58.5
0,328.0,14.2,3.3,46.0,11.4,59.0,193.794956,1.22,0.346,6.6,57.2
0,343.0,13.8,3.7,44.0,11.5,56.0,161.6266248,0.99,0.325,5.8,56.0
0,354.0,13.5,4.1,4.0,11.5,54.0,135.7623858,0.86,0.31,5.4,55.0
0,363.0,13.2,4.4,37.0,11.6,55.0,118.8734466,0.79,0.306,5.2,54.0
0,369.0,12.9,4.6,35.0,11.7,55.0,111.3634356,0.8,0.298,4.9,53.2
0,372.0,12.6,4.9,32.0,11.8,55.0,12.1789279,0.85,0.283,4.3,52.5
0,391.0,12.3,5.0,3.0,11.9,55.0,123.876257,0.88,0.0,3.9,51.2
0,188.0,62.7,0.1,99.0,4.0,99.0,4921.89629,3.755,0.734,15.3,69.9
0,19.0,61.9,0.1,99.0,4.0,99.0,546.3728,0.01,0.727,15.2,69.7
0,192.0,61.1,0.1,99.0,4.0,99.0,4763.68956,0.01,0.719,15.0,69.6
0,195.0,6.2,0.1,99.0,4.0,99.0,4546.73854,0.01,0.714,14.9,69.4
0,197.0,59.5,0.1,99.0,4.0,99.0,4353.121392,0.01,0.709,14.7,69.2
0,2.0,58.7,0.1,99.0,4.0,99.0,3651.966784,2.25,0.706,14.6,69.1
0,23.0,58.0,0.1,99.0,4.0,99.0,3369.48247,2.31,0.704,14.5,68.9
0,26.0,57.3,0.1,99.0,4.0,99.0,4177.657789,1.95,0.7,14.3,68.7
0,29.0,56.6,0.1,99.0,4.1,99.0,478.82327,2.09,0.698,14.2,68.6
0,211.0,55.9,0.1,98.0,4.1,98.0,3749.939813,2.06,0.695,14.0,68.5
0,214.0,55.1,0.1,96.0,4.1,97.0,3658.63832,2.02,0.699,13.9,68.3
0,218.0,54.2,0.1,95.0,4.2,96.0,3332.918533,1.63,0.691,13.4,68.1
0,22.0,53.2,0.1,94.0,4.2,95.0,2835.973972,1.76,0.689,13.3,68.0
0,22.0,52.2,0.1,93.0,4.2,94.0,2259.55796,1.85,0.687,13.3,67.9
0,221.0,51.2,0.1,91.0,4.3,92.0,238.891729,1.93,0.683,13.2,67.8
0,221.0,5.2,0.1,9.0,4.3,91.0,276.1338,2.05,0.681,13.1,67.7
0,76.0,62.1,0.1,97.0,0.9,97.0,4245.39744,3.755,0.893,17.0,81.1
0,78.0,61.7,0.1,98.0,0.9,98.0,49914.61864,8.8,0.89,17.0,89.0
0,79.0,61.4,0.1,98.0,0.9,98.0,49638.7713,8.97,0.887,17.0,87.0
0,82.0,61.0,0.1,99.0,0.9,99.0,47415.55987,9.24,0.884,17.0,84.0
0,86.0,6.6,0.1,99.0,0.9,99.0,579.72415,9.81,0.878,16.9,83.0
0,89.0,6.2,0.1,99.0,0.9,99.0,4622.41516,9.72,0.874,16.8,79.9
0,91.0,59.8,0.1,99.0,0.9,99.0,4717.15571,9.96,0.878,17.0,79.7
0,94.0,59.4,0.1,99.0,0.9,97.0,5341.31487,10.26,0.876,17.1,79.6
0,96.0,59.0,0.1,99.0,0.9,97.0,48288.5491,10.45,0.873,17.2,79.3
0,96.0,58.6,0.1,97.0,0.9,97.0,4112.67651,10.15,0.869,17.2,79.2
0,11.0,58.1,0.1,97.0,0.9,97.0,38969.17163,9.95,0.864,17.1,78.9
0,12.0,57.6,0.1,98.0,0.9,96.0,37636.11173,9.89,0.869,18.3,78.7
0,98.0,57.1,0.1,98.0,0.9,96.0,32816.1688,9.31,0.866,18.1,78.4
0,98.0,56.6,0.1,98.0,0.9,95.0,26834.2625,9.25,0.863,18.0,78.1
0,1.0,56.1,0.1,98.0,0.9,95.0,24913.24452,8.94,0.856,17.7,78.0
0,15.0,55.5,0.1,99.0,0.9,96.0,24253.2542,8.59,0.847,17.3,77.5
0,78.0,62.5,0.1,98.0,0.7,98.0,36526.7711,3.755,0.894,16.3,82.4
0,79.0,62.0,0.1,98.0,0.6,98.0,42955.24287,11.5,0.89,16.2,82.2
0,81.0,61.6,0.1,99.0,0.6,99.0,42554.1225,11.1,0.887,16.2,82.0
0,83.0,61.1,0.1,99.0,0.6,99.0,4838.2444,11.5,0.885,16.1,81.5
0,83.0,6.6,0.1,99.0,0.6,99.0,4381.288,11.8,0.882,16.1,81.7
0,86.0,6.1,0.1,99.0,0.6,99.0,473.34279,11.7,0.879,16.0,81.3
0,88.0,59.6,0.1,98.0,0.6,98.0,41631.13141,11.8,0.879,16.0,81.1
0,88.0,59.1,0.1,98.0,0.6,98.0,45413.6571,11.9,0.877,16.1,89.0
0,89.0,58.6,0.1,98.0,0.6,99.0,416.58397,12.2,0.873,16.1,89.0
0,92.0,58.0,0.1,99.0,0.6,99.0,36544.5853,12.4,0.87,16.1,86.0
0,93.0,57.5,0.1,98.0,0.6,98.0,34879.72633,12.2,0.86,15.5,81.0
0,94.0,57.0,0.1,98.0,0.6,99.0,33874.74255,13.18,0.857,15.5,82.0
0,99.0,56.4,0.1,97.0,0.6,96.0,29691.18158,13.49,0.852,15.4,79.3
0,11.0,55.8,0.1,97.0,0.7,97.0,24275.2426,13.78,0.851,15.5,79.2
0,13.0,55.2,0.1,97.0,0.7,98.0,22527.31775,13.89,0.849,15.6,79.0
0,13.0,54.6,0.1,97.0,0.7,98.0,22465.64184,13.63,0.844,15.7,78.8
0,229.0,36.3,2.7,8.0,6.1,79.0,7388.984144,3.755,0.694,12.6,66.0
0,237.0,35.8,2.8,7.0,6.1,68.0,9692.163874,0.01,0.687,12.6,65.5
0,255.0,35.2,3.7,79.0,6.2,77.0,9679.742995,8.86,0.678,12.5,64.6
0,276.0,34.6,4.9,82.0,6.3,8.0,9774.18117,8.3,0.669,12.5,63.5
0,289.0,34.1,6.0,75.0,6.4,75.0,1716.2258,8.9,0.664,12.5,62.8
0,294.0,33.5,7.0,67.0,6.5,68.0,8754.113376,8.85,0.66,12.5,62.3
0,31.0,33.0,8.0,76.0,6.7,74.0,763.66223,8.64,0.652,12.4,61.7
0,298.0,32.4,8.9,82.0,6.8,81.0,194.2746,8.75,0.651,12.4,61.6
0,291.0,31.9,10.0,81.0,6.9,78.0,8352.81711,9.02,0.645,12.4,61.6
0,288.0,31.4,10.7,45.0,7.1,44.0,727.777345,8.01,0.646,12.4,61.4
0,37.0,3.8,10.9,45.0,7.2,44.0,6741.293948,7.72,0.64,12.4,65.0
0,322.0,3.3,11.1,45.0,7.4,44.0,5685.577736,8.13,0.64,12.3,59.7
0,32.0,29.8,11.0,45.0,7.5,44.0,4892.11618,6.47,0.638,12.3,59.7
0,315.0,29.2,10.7,45.0,7.7,44.0,412.55271,8.34,0.636,12.3,59.7
0,37.0,28.7,10.1,45.0,7.8,44.0,3976.14887,9.29,0.633,12.3,59.8
0,296.0,28.1,9.5,45.0,8.0,44.0,4116.46693,8.87,0.637,12.2,61.0
0,262.0,27.3,1.7,97.0,7.3,96.0,1766.947595,3.755,0.45,8.9,61.1
0,266.0,26.7,1.7,96.0,7.5,97.0,1766.947595,0.01,0.449,8.9,68.0
0,266.0,26.0,1.6,97.0,7.6,96.0,1766.947595,0.01,0.445,8.9,66.0
0,269.0,25.4,1.4,98.0,7.8,98.0,1766.947595,0.01,0.44,8.8,62.0
0,277.0,24.8,1.8,96.0,8.0,95.0,1766.947595,3.41,0.441,8.7,59.8
0,284.0,24.1,2.1,97.0,8.2,97.0,1766.947595,3.48,0.439,8.8,59.3
0,286.0,23.5,2.7,98.0,8.4,97.0,1766.947595,2.99,0.434,8.9,59.0
0,287.0,22.8,3.0,96.0,8.6,96.0,1766.947595,2.79,0.426,8.6,58.7
0,288.0,22.2,3.1,95.0,8.8,94.0,1766.947595,2.64,0.42,8.4,58.5
0,288.0,21.5,3.0,95.0,9.0,94.0,1766.947595,2.93,0.415,8.1,58.2
0,294.0,2.9,3.0,95.0,9.2,94.0,1766.947595,2.26,0.412,7.8,57.7
0,296.0,2.3,2.9,87.0,9.4,88.0,1766.947595,2.51,0.404,7.6,57.3
0,297.0,19.7,2.7,87.0,9.6,87.0,1766.947595,2.47,0.395,7.3,57.0
0,298.0,19.1,2.5,87.0,9.8,86.0,1766.947595,2.08,0.392,7.0,56.6
0,3.0,18.5,2.3,87.0,1.0,85.0,1766.947595,2.25,0.384,6.8,56.3
0,33.0,18.0,2.0,8.0,1.2,84.0,1766.947595,2.18,0.377,6.5,55.9
0,129.0,56.2,0.1,94.0,2.7,91.0,3764.64912,3.755,0.768,13.9,74.4
0,125.0,55.3,0.1,91.0,2.7,91.0,4429.6575,6.13,0.759,13.5,74.5
0,128.0,54.4,0.1,93.0,2.7,94.0,4274.376857,5.91,0.755,13.5,74.5
0,13.0,53.6,0.1,92.0,2.6,93.0,4142.869175,7.71,0.749,13.4,74.2
0,127.0,52.8,0.1,94.0,2.6,88.0,3725.63221,8.14,0.742,13.3,73.9
0,132.0,52.0,0.1,92.0,2.6,88.0,2964.47734,7.24,0.738,13.3,73.8
0,133.0,51.3,0.1,88.0,2.6,93.0,276.588512,6.66,0.734,12.8,73.2
0,128.0,5.5,0.1,92.0,2.6,9.0,3174.9491,7.17,0.735,13.1,73.9
0,12.0,49.9,0.1,98.0,2.7,88.0,2492.12878,8.65,0.722,12.5,74.4
0,126.0,49.2,0.1,88.0,2.7,89.0,1872.68416,6.18,0.714,12.6,73.9
0,128.0,48.6,0.1,82.0,2.8,82.0,153.57521,4.7,0.703,12.2,73.9
0,134.0,48.1,0.1,78.0,2.8,66.0,127.367228,3.74,0.694,12.0,72.3
0,132.0,47.5,0.1,75.0,2.9,74.0,928.18227,3.36,0.684,11.8,72.7
0,142.0,47.0,0.1,84.0,2.9,89.0,779.3845935,2.72,0.677,11.8,71.7
0,121.0,46.5,0.1,87.0,3.0,83.0,733.974142,2.76,0.673,11.7,73.0
0,129.0,46.0,0.1,8.0,3.1,81.0,691.997711,3.28,0.0,11.4,71.8
1,68.0,62.3,0.1,95.0,1.1,94.0,41176.88158,3.755,0.924,17.1,81.0
1,69.0,61.9,0.1,95.0,1.1,94.0,4792.65288,11.03,0.92,17.0,89.0
1,71.0,61.4,0.1,95.0,1.1,94.0,4653.91143,10.94,0.919,16.9,86.0
1,71.0,6.9,0.1,95.0,1.1,94.0,4465.24891,11.18,0.916,16.9,86.0
1,74.0,6.4,0.1,95.0,1.1,94.0,4681.32796,11.2,0.912,16.8,85.0
1,76.0,59.9,0.1,95.0,1.1,94.0,41785.55691,11.2,0.907,16.7,81.0
1,79.0,59.5,0.1,96.0,1.1,95.0,41732.7725,11.22,0.906,16.7,80.0
1,8.0,59.0,0.1,96.0,1.1,95.0,45699.19832,11.36,0.903,16.6,79.9
1,82.0,58.5,0.1,96.0,1.1,95.0,41814.8191,11.5,0.898,16.6,79.8
1,84.0,58.0,0.1,96.0,1.1,94.0,36447.87232,11.76,0.892,16.5,79.6
1,85.0,57.6,0.1,96.0,1.1,95.0,34696.6292,11.67,0.884,16.4,79.2
1,86.0,57.1,0.1,96.0,1.1,96.0,34165.9343,11.83,0.877,16.4,79.1
1,9.0,56.6,0.1,97.0,1.1,96.0,3359.95215,11.92,0.872,16.3,78.5
1,91.0,56.1,0.1,93.0,1.2,97.0,2525.16445,12.25,0.867,16.3,78.4
1,92.0,55.6,0.1,93.0,1.2,96.0,23687.31689,12.46,0.86,16.2,78.3
1,95.0,55.1,0.1,9.0,1.2,94.0,23718.7467,12.91,0.855,16.2,78.0
0,249.0,28.6,0.7,88.0,6.2,88.0,1361.11395,3.755,0.575,11.4,62.4
0,253.0,28.0,0.8,98.0,6.4,93.0,1432.227943,0.01,0.576,11.7,62.1
0,254.0,27.3,0.9,9.0,6.6,91.0,1814.492297,0.01,0.57,11.5,61.9
0,257.0,26.7,0.9,92.0,6.7,91.0,1629.8222,0.01,0.563,11.2,61.6
0,263.0,26.1,1.3,91.0,6.9,91.0,1574.978653,1.64,0.554,10.9,61.2
0,267.0,25.5,1.9,94.0,7.1,94.0,1312.67557,1.69,0.547,10.5,69.0
0,271.0,24.9,2.1,94.0,7.3,94.0,186.76538,1.76,0.542,10.4,66.0
0,275.0,24.2,2.2,93.0,7.5,92.0,1224.41554,1.78,0.53,9.8,63.0
0,28.0,23.6,2.6,94.0,7.7,94.0,19.686718,1.25,0.519,9.1,59.9
0,288.0,23.0,2.9,84.0,7.9,84.0,922.9351677,1.7,0.51,8.7,59.4
0,296.0,22.4,3.1,84.0,8.1,85.0,498.172394,1.5,0.499,8.1,58.9
0,34.0,21.8,3.2,8.0,8.4,81.0,423.1936389,1.46,0.491,7.7,58.3
0,38.0,21.2,3.4,8.0,8.6,8.0,373.2815537,1.53,0.489,7.9,57.9
0,31.0,2.7,3.5,78.0,8.8,8.0,39.484473,1.6,0.484,7.6,57.6
0,39.0,2.1,3.5,79.0,9.0,81.0,273.6596668,1.49,0.485,8.0,57.4
0,38.0,19.5,3.6,88.0,9.2,88.0,263.1124679,1.6,0.48,7.7,57.2
0,72.0,66.5,0.1,99.0,0.8,99.0,187.78991,3.755,0.865,17.2,81.0
0,73.0,66.0,0.1,99.0,0.8,99.0,21673.7817,7.53,0.862,17.2,88.0
0,74.0,65.4,0.1,99.0,0.8,99.0,21874.8195,7.46,0.86,17.1,86.0
0,76.0,64.9,0.1,99.0,0.8,99.0,22242.68193,8.2,0.858,16.8,84.0
0,76.0,64.3,0.1,99.0,0.8,99.0,25916.29353,8.02,0.86,16.7,85.0
0,76.0,63.7,0.1,99.0,0.8,99.0,26917.75898,9.0,0.859,16.4,83.0
0,78.0,63.1,0.1,99.0,0.8,99.0,2971.973,9.08,0.857,16.2,80.0
0,77.0,62.4,0.1,99.0,0.8,99.0,31997.2821,9.51,0.853,15.9,79.9
0,8.0,61.8,0.1,99.0,0.8,99.0,28827.32636,9.67,0.855,16.4,79.4
0,77.0,61.2,0.1,98.0,0.8,98.0,2481.15781,9.42,0.85,16.3,79.7
0,81.0,6.5,0.1,96.0,0.8,96.0,22551.73574,9.95,0.839,15.6,79.3
0,81.0,59.9,0.1,95.0,0.8,95.0,21955.149,9.56,0.83,15.3,79.2
0,81.0,59.2,0.1,94.0,0.8,93.0,18477.57841,9.46,0.823,15.2,79.1
0,81.0,58.6,0.1,92.0,0.8,92.0,1411.31339,8.09,0.811,14.6,79.0
0,83.0,58.0,0.1,91.0,0.9,9.0,12538.17883,8.62,0.801,14.2,78.7
0,84.0,57.4,0.1,89.0,0.9,89.0,1242.95373,8.48,0.794,13.9,78.2
0,142.0,48.4,0.1,92.0,3.8,99.0,9212.192824,3.755,0.751,15.8,73.6
0,143.0,47.4,0.1,97.0,3.8,81.0,8569.776998,8.42,0.749,15.8,73.5
0,144.0,46.5,0.1,97.0,3.8,98.0,7955.615985,8.25,0.746,15.8,73.3
0,146.0,45.6,0.1,97.0,3.8,98.0,7583.1872,8.07,0.744,15.8,73.1
0,15.0,44.7,0.1,95.0,3.8,95.0,741.48438,7.84,0.741,15.8,72.9
0,154.0,43.9,0.1,97.0,3.8,94.0,7365.666659,7.91,0.0,15.8,72.6
0,158.0,43.1,0.1,99.0,3.8,99.0,7395.88125,8.42,0.0,15.6,72.4
0,162.0,42.4,0.1,99.0,3.8,99.0,7946.944346,8.92,0.0,15.4,72.1
0,164.0,41.8,0.1,96.0,3.9,96.0,7322.596862,9.06,0.0,15.3,71.9
0,167.0,41.1,0.1,91.0,3.9,91.0,6764.722867,9.06,0.0,15.1,71.7
0,169.0,4.5,0.1,99.0,3.9,99.0,6754.512393,8.8,0.0,14.9,71.5
0,187.0,39.9,0.1,83.0,4.0,84.0,5836.17763,8.43,0.0,14.8,73.0
0,173.0,39.4,0.1,97.0,4.0,98.0,5773.73577,9.75,0.0,14.6,71.1
0,176.0,38.8,0.1,98.0,4.1,98.0,5292.232379,10.71,0.0,14.4,79.0
0,178.0,38.2,0.1,96.0,4.2,96.0,519.958715,9.61,0.0,14.3,77.0
0,182.0,37.7,0.1,97.0,4.3,97.0,5117.589923,9.4,0.0,14.1,74.0
0,186.0,5.6,0.4,74.0,1.2,9.0,3923.573344,3.755,0.637,10.7,71.9
0,187.0,49.9,0.4,73.0,1.2,65.0,3687.763767,1.88,0.614,10.7,71.7
0,189.0,49.3,0.4,85.0,1.2,84.0,3452.828934,1.93,0.611,10.7,71.4
0,189.0,48.6,0.4,96.0,1.2,94.0,3299.65139,2.02,0.616,10.6,71.3
0,193.0,47.9,0.4,88.0,1.2,88.0,3187.845296,2.16,0.609,10.5,71.1
0,196.0,47.2,0.4,94.0,1.3,94.0,2825.5247,2.14,0.602,10.5,77.0
0,198.0,46.5,0.4,92.0,1.3,92.0,2635.753474,2.14,0.596,10.4,76.0
0,19.0,45.9,0.4,95.0,1.3,96.0,2794.22189,2.21,0.589,10.4,79.0
0,192.0,45.2,0.4,85.0,1.3,85.0,2489.955836,2.4,0.578,10.1,75.0
0,24.0,44.5,0.4,89.0,1.4,9.0,2256.56724,2.38,0.57,9.8,69.7
0,28.0,43.8,0.4,87.0,1.4,87.0,277.83438,2.35,0.567,9.6,69.2
0,21.0,43.1,0.4,87.0,1.4,88.0,1872.73783,2.4,0.564,9.3,69.6
0,24.0,42.4,0.4,84.0,1.4,84.0,1753.349471,2.45,0.56,9.0,69.4
0,21.0,41.7,0.3,82.0,1.5,82.0,171.771491,2.41,0.553,8.8,69.3
0,211.0,41.1,0.3,77.0,1.5,78.0,1568.376276,2.53,0.546,8.5,68.4
0,221.0,4.4,0.2,81.0,1.6,8.0,1655.596261,2.63,0.539,8.2,67.7
0,284.0,23.3,0.5,54.0,7.3,42.0,554.48766,3.755,0.414,8.8,59.0
0,299.0,22.7,0.5,51.0,7.5,42.0,561.997387,0.01,0.412,8.6,58.1
0,284.0,22.2,1.0,63.0,7.7,63.0,54.169324,0.01,0.406,8.5,58.8
0,288.0,21.7,1.9,62.0,7.8,63.0,52.3485646,0.01,0.396,8.5,58.4
0,29.0,21.2,2.0,63.0,8.0,63.0,459.2912,0.22,0.385,8.4,58.1
0,291.0,2.8,2.2,64.0,8.2,62.0,438.7513346,0.2,0.38,8.3,57.8
0,297.0,2.3,2.3,57.0,8.4,6.0,436.6895539,0.18,0.376,8.1,57.3
0,33.0,19.8,2.3,6.0,8.6,59.0,437.4467238,0.21,0.371,7.9,56.8
0,36.0,19.4,2.4,63.0,8.9,46.0,49.456775,0.19,0.364,7.6,56.4
0,317.0,19.0,2.6,57.0,9.1,53.0,296.68382,0.16,0.356,7.1,55.6
0,327.0,18.5,2.7,59.0,9.3,59.0,33.424498,0.21,0.346,6.6,54.7
0,334.0,18.1,2.8,6.0,9.5,65.0,386.3288283,0.34,0.325,5.1,54.0
0,338.0,17.7,2.9,57.0,9.7,61.0,37.1931781,0.18,0.338,5.9,53.3
0,337.0,17.3,3.0,53.0,9.9,56.0,322.811171,0.21,0.329,5.5,52.9
0,336.0,16.9,3.0,5.0,1.1,52.0,315.83983,0.17,0.322,5.1,52.5
0,328.0,16.6,3.0,46.0,1.3,47.0,34.516918,0.17,0.316,4.8,52.5
0,275.0,26.3,3.2,87.0,7.1,87.0,596.8717189,3.755,0.421,9.2,58.9
0,282.0,25.6,3.4,87.0,7.3,87.0,642.6256154,0.01,0.419,9.2,58.4
0,279.0,25.0,4.5,87.0,7.5,87.0,61.566347,0.01,0.415,9.1,58.1
0,285.0,24.3,5.3,87.0,7.7,87.0,67.7518833,0.01,0.416,9.1,57.6
0,289.0,23.7,5.7,86.0,7.8,85.0,692.69989,3.57,0.41,9.0,57.1
0,287.0,23.1,5.9,83.0,8.0,82.0,543.957418,3.21,0.405,8.9,56.7
0,288.0,22.5,6.0,8.0,8.3,78.0,544.222779,2.55,0.401,8.9,56.3
0,297.0,21.9,6.0,77.0,8.5,77.0,583.5445622,2.64,0.398,8.8,55.6
0,32.0,21.3,5.7,74.0,8.7,76.0,481.694976,2.98,0.394,8.8,55.0
0,36.0,2.7,5.6,71.0,8.9,74.0,418.94454,3.22,0.388,8.3,54.4
0,37.0,2.1,5.4,68.0,9.2,73.0,424.9534585,3.1,0.0,8.0,53.9
0,38.0,19.6,5.0,64.0,9.4,69.0,393.3138244,2.58,0.0,7.7,53.5
0,38.0,19.0,4.6,6.0,9.6,65.0,36.5718585,2.16,0.0,7.4,53.0
0,35.0,18.5,4.1,57.0,9.8,61.0,321.481324,2.47,0.0,7.1,52.8
0,32.0,17.9,3.6,53.0,1.0,56.0,39.486749,2.55,0.0,6.7,52.5
0,3.0,17.4,3.1,49.0,1.2,52.0,297.7519443,2.84,0.0,6.4,52.1
0,215.0,46.7,0.3,95.0,5.5,92.0,4136.689919,3.755,0.638,10.3,66.2
0,217.0,45.9,0.3,98.0,5.5,97.0,43.82321,7.64,0.636,10.3,66.0
0,218.0,45.0,0.3,98.0,5.5,98.0,3944.178173,7.56,0.633,10.3,65.9
0,22.0,44.1,0.3,97.0,5.6,97.0,3785.935665,7.57,0.63,10.6,65.8
0,229.0,43.2,0.4,93.0,5.6,93.0,3439.597513,7.56,0.624,10.3,65.6
0,221.0,42.4,0.4,95.0,5.6,95.0,326.281212,7.52,0.618,10.2,65.9
0,218.0,41.6,0.3,98.0,5.6,97.0,2716.35256,7.49,0.618,10.5,66.1
0,218.0,4.9,0.8,93.0,5.6,93.0,2576.124957,7.32,0.618,10.7,66.3
0,232.0,4.3,1.9,94.0,5.7,94.0,2327.58324,7.2,0.62,11.2,65.7
0,24.0,39.6,1.1,93.0,5.7,92.0,1945.6395,7.04,0.622,11.7,65.2
0,238.0,39.0,1.8,93.0,5.7,93.0,198.455216,7.35,0.619,11.4,65.0
0,237.0,38.4,1.9,91.0,5.8,91.0,145.58861,7.84,0.613,11.2,65.1
0,237.0,37.8,2.1,9.0,5.8,91.0,986.7958173,7.93,0.611,11.1,65.3
0,244.0,37.1,2.3,91.0,5.9,93.0,96.8674827,7.73,0.609,11.0,65.3
0,247.0,36.4,1.7,85.0,5.9,9.0,925.582546,6.71,0.606,10.9,65.4
0,246.0,35.7,1.1,88.0,5.9,79.0,946.599372,6.63,0.602,10.9,65.4
0,24.0,49.9,0.5,6.0,3.9,56.0,814.5463952,3.755,0.49,9.1,63.5
0,245.0,48.8,0.5,48.0,3.9,55.0,83.1148117,0.01,0.487,9.1,63.1
0,253.0,47.7,0.5,68.0,3.9,67.0,81.265673,5.68,0.483,9.1,62.7
0,259.0,46.5,0.8,67.0,3.9,67.0,766.8437623,5.68,0.477,8.9,62.3
0,259.0,45.3,1.5,68.0,4.0,67.0,74.9358452,5.68,0.47,8.7,62.3
0,682.0,44.2,1.9,66.0,4.0,66.0,662.2795182,5.76,0.47,8.6,36.3
0,251.0,43.0,2.0,65.0,4.1,65.0,668.297646,5.85,0.466,8.5,62.5
0,259.0,41.8,2.4,63.0,4.2,64.0,674.7564147,5.95,0.462,8.4,62.1
0,266.0,4.7,2.7,63.0,4.2,62.0,615.8198192,6.08,0.458,8.4,61.8
0,28.0,39.6,3.3,6.0,4.3,61.0,55.47626,6.18,0.455,8.3,61.1
0,29.0,38.5,3.9,6.0,4.4,6.0,465.311876,5.57,0.452,8.2,65.0
0,32.0,37.5,4.3,55.0,4.5,58.0,387.9429725,6.1,0.45,8.1,58.7
0,3.0,36.5,4.6,53.0,4.5,56.0,329.782946,6.64,0.447,8.1,59.7
0,33.0,35.6,4.8,48.0,4.6,54.0,393.16327,6.1,0.444,8.0,59.3
0,35.0,34.8,5.0,45.0,4.7,52.0,413.7383164,6.22,0.443,7.9,58.9
0,35.0,34.0,5.1,41.0,4.8,5.0,462.486524,4.79,0.439,7.8,58.6
0,147.0,51.0,0.3,97.0,2.1,97.0,2326.15856,3.755,0.623,11.2,74.6
0,149.0,5.2,0.3,97.0,2.1,97.0,2242.711912,2.87,0.618,11.4,74.5
0,15.0,49.3,0.4,97.0,2.2,97.0,2136.77395,3.11,0.614,11.6,74.3
0,151.0,48.4,0.4,97.0,2.2,97.0,2178.38325,3.11,0.614,11.6,74.1
0,153.0,47.6,0.4,97.0,2.2,97.0,212.584798,3.1,0.611,11.7,73.9
0,156.0,46.8,0.4,97.0,2.3,97.0,1932.85829,3.1,0.606,11.5,73.6
0,157.0,45.9,0.5,97.0,2.3,97.0,1815.489496,3.08,0.603,11.3,73.4
0,159.0,45.1,0.6,93.0,2.3,93.0,1751.595857,3.14,0.597,11.1,73.2
0,16.0,44.3,0.7,94.0,2.4,94.0,1592.572182,3.16,0.59,10.9,73.0
0,161.0,43.5,0.8,95.0,2.4,94.0,1437.628785,3.23,0.583,10.8,72.8
0,163.0,42.8,0.9,98.0,2.5,98.0,1311.741714,3.23,0.577,10.6,72.5
0,165.0,42.0,1.2,94.0,2.6,94.0,1217.657961,3.02,0.571,10.4,72.2
0,166.0,41.2,1.4,92.0,2.6,92.0,1157.3427,3.04,0.566,10.3,71.9
0,169.0,4.4,1.5,95.0,2.7,95.0,1132.8721,3.09,0.561,10.1,71.6
0,171.0,39.6,1.6,96.0,2.7,99.0,113.4546,2.74,0.557,9.9,71.3
0,174.0,38.8,1.7,94.0,2.8,88.0,188.783165,2.61,0.551,9.8,71.0
1,134.0,64.8,0.1,99.0,1.6,99.0,12365.6263,3.755,0.834,15.6,75.8
1,137.0,64.2,0.1,99.0,1.7,99.0,14117.97668,0.01,0.834,15.8,75.6
1,139.0,63.6,0.1,99.0,1.7,99.0,13613.6147,10.88,0.824,15.4,75.5
1,146.0,63.0,0.1,99.0,1.7,99.0,12834.32349,11.27,0.823,15.4,75.0
1,15.0,62.4,0.1,99.0,1.7,99.0,1448.87958,11.51,0.821,15.4,74.8
1,156.0,61.7,0.1,99.0,1.8,99.0,1325.53379,10.78,0.817,15.3,74.5
1,162.0,61.1,0.1,99.0,1.8,99.0,12967.16543,11.46,0.816,15.3,74.2
1,165.0,6.5,0.1,99.0,1.9,99.0,15669.25929,11.64,0.812,15.3,74.1
1,176.0,59.9,0.1,99.0,1.9,99.0,13842.6549,12.55,0.809,15.3,73.5
1,177.0,59.3,0.1,99.0,2.0,99.0,11398.76584,13.16,0.802,15.2,73.4
1,182.0,58.8,0.1,99.0,2.0,99.0,11161.72441,12.94,0.795,15.0,72.9
1,18.0,58.2,0.1,99.0,2.1,99.0,1259.5266,13.28,0.793,15.3,72.9
1,184.0,57.6,0.1,99.0,2.1,99.0,8396.25323,13.24,0.784,14.9,72.5
1,184.0,57.1,0.1,99.0,2.2,98.0,665.6443,13.29,0.775,14.6,72.5
1,185.0,56.6,0.1,99.0,2.2,99.0,527.85364,13.18,0.769,14.2,72.3
1,193.0,56.1,0.1,99.0,2.3,99.0,4623.46712,12.22,0.761,13.9,71.7
1,49.0,61.0,0.1,92.0,1.0,92.0,5734.4436,3.755,0.919,19.0,82.7
1,49.0,6.6,0.1,9.0,1.0,9.0,52473.11356,7.45,0.915,19.0,82.5
1,5.0,6.2,0.1,91.0,1.0,91.0,4781.3888,7.31,0.907,19.0,82.4
1,5.0,59.7,0.1,89.0,1.0,89.0,44333.8518,7.81,0.901,18.7,82.5
1,51.0,59.3,0.1,95.0,0.9,95.0,46.217,8.13,0.894,18.6,82.1
1,53.0,58.9,0.1,96.0,0.9,96.0,41676.44527,8.25,0.894,18.4,81.8
1,55.0,58.5,0.1,96.0,0.9,96.0,4461.89251,10.22,0.894,18.4,81.6
1,58.0,58.1,0.1,98.0,0.9,98.0,55575.29196,8.49,0.892,18.2,81.4
1,59.0,57.8,0.1,97.0,0.9,97.0,68348.31817,7.53,0.887,18.2,81.3
1,61.0,57.4,0.1,97.0,0.9,97.0,5613.54115,7.2,0.884,18.1,81.1
1,62.0,56.9,0.1,95.0,0.9,95.0,56249.7555,7.05,0.879,17.9,81.0
1,65.0,56.5,0.1,99.0,1.0,99.0,46917.27216,6.79,0.873,18.3,88.0
1,65.0,55.9,0.1,97.0,1.0,97.0,3944.999,6.61,0.866,17.6,87.0
1,7.0,55.4,0.1,95.0,1.0,95.0,31996.2172,6.61,0.859,17.2,84.0
1,72.0,54.8,0.1,92.0,1.0,92.0,28585.9254,6.37,0.854,17.1,80.0
1,74.0,54.2,0.1,98.0,1.0,98.0,31813.37344,6.17,0.847,16.8,79.7
0,181.0,18.7,0.2,87.0,26.7,86.0,1613.18878,3.755,0.615,11.6,68.3
0,184.0,18.1,0.2,85.0,26.8,84.0,1573.11889,3.07,0.607,11.6,68.0
0,187.0,17.5,0.2,83.0,26.8,82.0,1452.195373,3.11,0.599,11.5,67.6
0,19.0,17.0,0.2,82.0,26.9,79.0,1446.98541,3.1,0.59,11.3,67.3
0,193.0,16.4,0.2,82.0,26.9,79.0,1461.671957,3.0,0.58,10.8,66.8
0,196.0,15.9,0.2,79.0,27.0,76.0,1345.77153,2.77,0.569,10.4,66.4
0,2.0,15.4,0.2,74.0,27.0,73.0,19.317765,2.5,0.563,10.5,66.0
0,23.0,14.9,0.3,7.0,27.0,69.0,991.484634,1.93,0.556,10.2,65.5
0,26.0,14.4,0.3,64.0,27.1,67.0,118.166373,1.59,0.546,9.9,65.2
0,28.0,13.9,0.3,65.0,27.1,66.0,792.259698,1.37,0.536,9.7,64.8
0,211.0,13.5,0.3,65.0,27.2,65.0,77.819,1.27,0.526,9.4,64.4
0,214.0,13.0,0.3,63.0,27.2,58.0,621.3183767,1.2,0.518,9.2,64.0
0,216.0,12.6,0.3,61.0,27.3,57.0,541.1352279,1.19,0.505,8.6,63.7
0,219.0,12.2,0.3,59.0,27.4,58.0,466.2842,1.1,0.499,8.4,63.3
0,222.0,11.8,0.3,59.0,27.5,58.0,447.138966,1.0,0.494,8.3,62.9
0,224.0,11.4,0.3,58.0,27.7,57.0,438.864634,0.93,0.489,8.3,62.5
0,176.0,27.4,0.3,78.0,1.4,8.0,3336.16686,3.755,0.686,12.9,69.1
0,179.0,26.5,0.3,78.0,1.4,8.0,3491.595887,0.09,0.682,12.9,68.9
0,181.0,25.6,0.3,85.0,1.5,86.0,362.663981,0.09,0.677,12.9,68.7
0,183.0,24.7,0.3,83.0,1.5,84.0,3687.953996,0.08,0.669,12.6,68.5
0,185.0,23.8,0.3,81.0,1.6,81.0,3634.27685,0.08,0.662,12.3,68.3
0,187.0,22.9,0.3,81.0,1.6,82.0,3113.48635,0.08,0.656,12.1,68.1
0,189.0,22.1,0.3,78.0,1.7,85.0,2254.44566,0.08,0.645,11.7,67.9
0,189.0,21.3,0.2,77.0,1.7,83.0,216.52766,0.07,0.641,11.7,67.7
0,19.0,2.5,0.2,73.0,1.8,77.0,1855.93915,0.06,0.638,11.0,67.5
0,191.0,19.7,0.1,72.0,1.8,78.0,1586.254,0.06,0.632,10.9,67.3
0,19.0,19.0,0.1,72.0,1.9,79.0,126.928834,0.06,0.629,11.1,67.2
0,213.0,18.2,0.1,71.0,1.9,79.0,1148.56996,0.06,0.624,11.0,65.3
0,189.0,17.5,0.1,71.0,1.9,8.0,164.59447,0.05,0.613,10.8,66.9
0,189.0,16.7,0.1,7.0,11.0,8.0,899.5556857,0.05,0.608,10.6,66.7
0,188.0,16.0,0.1,76.0,11.0,77.0,747.9817455,0.06,0.604,10.6,66.5
0,188.0,15.4,0.1,75.0,11.0,72.0,78.92744,0.06,0.597,10.7,66.3
0,83.0,59.7,0.1,98.0,8.5,98.0,1766.947595,3.755,0.774,14.8,75.5
0,83.0,58.5,0.1,99.0,8.3,99.0,1766.947595,0.01,0.77,14.9,75.4
0,83.0,57.2,0.1,98.0,8.2,98.0,1766.947595,0.01,0.769,15.0,75.3
0,85.0,56.0,0.1,99.0,8.0,99.0,1766.947595,0.01,0.755,13.6,75.1
0,93.0,54.8,0.1,99.0,7.9,99.0,1766.947595,0.03,0.745,13.1,74.7
0,16.0,53.6,0.1,99.0,7.8,99.0,1766.947595,0.03,0.735,12.9,74.1
0,122.0,52.5,0.1,99.0,7.7,99.0,1766.947595,0.03,0.728,12.8,73.3
0,135.0,51.4,0.1,99.0,7.6,99.0,1766.947595,0.02,0.716,12.1,72.7
0,138.0,5.4,0.1,99.0,7.5,98.0,1766.947595,0.02,0.704,11.8,72.4
0,139.0,49.4,0.1,98.0,7.4,99.0,1766.947595,0.02,0.692,11.4,72.2
0,139.0,48.5,0.1,95.0,7.4,95.0,1766.947595,0.01,0.687,11.4,72.0
0,139.0,47.6,0.1,99.0,7.4,98.0,1766.947595,0.01,0.686,11.8,71.8
0,154.0,46.9,0.1,99.0,7.5,99.0,1766.947595,0.01,0.679,11.8,75.0
0,142.0,46.2,0.1,99.0,7.6,99.0,1766.947595,0.01,0.674,11.9,71.2
0,146.0,45.5,0.1,96.0,7.7,95.0,1766.947595,0.01,0.666,11.6,78.0
0,15.0,44.9,0.1,99.0,7.8,99.0,1766.947595,0.01,0.66,11.6,73.0
0,182.0,59.1,0.1,58.0,5.3,63.0,4974.2693,3.755,0.649,10.1,68.9
0,199.0,58.5,0.1,64.0,5.3,67.0,673.74737,0.01,0.658,10.1,67.9
0,17.0,57.8,0.1,68.0,5.3,7.0,6925.22446,0.01,0.659,10.3,69.5
0,147.0,57.2,0.1,69.0,5.3,7.0,6651.12242,0.01,0.656,10.5,76.0
0,144.0,56.5,0.1,79.0,5.3,8.0,5854.614497,0.17,0.649,10.4,77.0
0,145.0,55.8,0.1,74.0,5.3,74.0,452.74948,0.19,0.646,10.4,76.0
0,148.0,55.2,0.1,78.0,5.4,78.0,3735.144836,0.2,0.643,10.3,74.0
0,167.0,54.5,0.1,69.0,5.4,71.0,4521.3247,0.17,0.638,10.3,69.3
0,227.0,53.8,0.1,57.0,5.4,74.0,3129.224922,0.14,0.636,10.2,65.9
0,249.0,53.2,0.1,59.0,5.4,63.0,2351.812429,0.03,0.631,10.2,64.7
0,29.0,52.5,0.1,65.0,5.4,69.0,1849.63911,0.18,0.628,10.1,66.8
0,21.0,51.9,0.1,74.0,5.4,69.0,1391.816923,0.32,0.603,9.8,67.2
0,213.0,51.3,0.1,75.0,5.5,73.0,1766.947595,0.07,0.616,9.4,66.5
0,14.0,5.6,0.1,77.0,5.5,76.0,1766.947595,0.15,0.614,9.1,74.0
0,142.0,5.1,0.1,78.0,5.6,8.0,1766.947595,0.17,0.607,8.7,72.0
0,144.0,49.5,0.1,8.0,5.6,83.0,1766.947595,0.2,0.603,8.6,70.0
1,64.0,62.8,0.1,95.0,0.3,95.0,6664.144,3.755,0.92,18.6,81.4
1,66.0,62.1,0.1,96.0,0.3,96.0,5553.32623,10.75,0.91,18.6,81.2
1,67.0,61.3,0.1,96.0,0.3,96.0,5234.76736,10.49,0.902,18.6,81.0
1,69.0,6.5,0.1,95.0,0.3,95.0,49231.36254,11.49,0.895,18.5,85.0
1,7.0,59.7,0.1,95.0,0.3,95.0,52567.52568,11.72,0.909,18.5,84.0
1,68.0,58.9,0.1,94.0,0.3,94.0,48538.58776,11.88,0.907,18.2,86.0
1,77.0,58.2,0.1,94.0,0.3,94.0,51983.78892,11.41,0.909,17.9,79.7
1,75.0,57.4,0.1,93.0,0.3,93.0,61235.415,12.66,0.908,17.9,79.8
1,75.0,56.6,0.1,92.0,0.3,92.0,61388.17457,13.59,0.902,17.6,79.5
1,78.0,55.8,0.1,91.0,0.3,91.0,54326.9713,13.44,0.896,17.6,79.0
1,78.0,55.1,0.1,9.0,0.3,9.0,5886.82789,13.31,0.889,17.5,78.7
1,82.0,54.4,0.1,89.0,0.3,89.0,47631.6377,13.32,0.88,17.1,78.3
1,82.0,53.6,0.1,86.0,0.3,86.0,4117.15532,13.24,0.87,16.8,78.0
1,88.0,52.9,0.1,83.0,0.3,83.0,32539.1937,14.17,0.862,16.5,77.4
1,89.0,52.2,0.1,84.0,0.3,84.0,28223.55528,14.27,0.857,16.4,77.0
1,94.0,51.5,0.1,86.0,0.3,86.0,26241.91883,14.07,0.848,16.2,76.4
0,58.0,64.9,0.1,95.0,1.2,95.0,35729.37253,3.755,0.898,16.0,82.5
0,6.0,64.6,0.1,95.0,1.2,95.0,37582.84624,2.62,0.895,16.0,82.2
0,61.0,64.2,0.1,96.0,1.2,96.0,36393.66932,2.69,0.891,15.9,82.1
0,6.0,63.8,0.1,94.0,1.2,94.0,32569.59683,2.78,0.889,15.9,81.8
0,61.0,63.4,0.1,94.0,1.2,94.0,33657.15727,2.67,0.883,15.8,81.8
0,61.0,63.0,0.1,95.0,1.2,95.0,3661.994,2.63,0.878,15.7,81.7
0,63.0,62.6,0.1,96.0,1.2,96.0,27795.87671,2.55,0.876,15.6,81.5
0,65.0,62.1,0.1,94.0,1.1,94.0,29657.4421,2.47,0.877,15.8,81.0
0,68.0,61.6,0.1,95.0,1.1,95.0,258.637,2.33,0.872,15.7,84.0
0,68.0,61.1,0.1,95.0,1.1,94.0,2195.1769,2.23,0.87,15.7,84.0
0,71.0,6.6,0.1,93.0,1.1,95.0,2611.17931,2.41,0.866,15.8,80.0
0,69.0,6.1,0.1,95.0,1.1,95.0,19888.172,2.23,0.863,15.9,81.0
0,71.0,59.6,0.1,93.0,1.1,93.0,18946.99942,2.32,0.863,16.0,79.7
0,74.0,59.2,0.1,9.0,1.1,91.0,18431.15696,2.47,0.855,15.3,79.3
0,74.0,58.7,0.1,92.0,1.1,93.0,236.19646,2.53,0.85,15.1,79.3
0,76.0,58.3,0.1,93.0,1.1,93.0,2152.1432,2.53,0.845,15.2,78.9
1,56.0,63.6,0.1,93.0,0.6,93.0,349.14755,3.755,0.881,16.3,82.7
1,57.0,63.1,0.1,95.0,0.6,95.0,35396.66517,7.56,0.877,16.3,82.5
1,58.0,62.6,0.1,96.0,0.5,96.0,3537.27441,7.35,0.876,16.5,82.3
1,6.0,62.1,0.1,97.0,0.5,96.0,34814.12436,7.49,0.877,16.6,82.0
1,6.0,61.5,0.1,96.0,0.5,96.0,38334.68477,6.98,0.872,16.4,82.0
1,6.0,61.0,0.1,96.0,0.5,96.0,35849.37364,6.95,0.869,16.4,81.8
1,61.0,6.5,0.1,96.0,0.5,96.0,36976.84512,7.25,0.868,16.3,81.6
1,61.0,59.9,0.1,96.0,0.5,96.0,464.18465,7.96,0.866,16.3,81.5
1,63.0,59.4,0.1,97.0,0.5,97.0,37698.78573,8.37,0.862,16.1,81.3
1,65.0,58.8,0.1,96.0,0.5,97.0,3341.7482,8.44,0.856,16.0,81.2
1,66.0,58.2,0.1,95.0,0.5,97.0,31959.26215,8.65,0.851,15.8,88.0
1,66.0,57.6,0.1,94.0,0.5,97.0,31174.56118,8.98,0.846,15.6,89.0
1,72.0,57.0,0.1,96.0,0.5,97.0,27387.2258,9.3,0.841,15.4,79.9
1,72.0,56.4,0.1,93.0,0.5,96.0,22196.5736,9.25,0.836,15.2,80.0
1,75.0,55.7,0.1,93.0,0.5,96.0,24.819,9.69,0.828,14.9,79.8
1,77.0,55.0,0.1,87.0,0.5,97.0,251.2426,9.78,0.823,14.8,79.4
0,125.0,54.2,0.5,91.0,1.8,91.0,4965.989857,3.755,0.729,12.8,76.2
0,133.0,53.5,0.5,92.0,1.8,93.0,4855.743789,3.83,0.727,12.8,75.8
0,136.0,52.7,0.6,93.0,1.8,86.0,56.144952,3.79,0.727,12.8,75.6
0,138.0,52.0,0.5,96.0,1.8,96.0,521.33363,3.65,0.725,12.8,75.3
0,139.0,51.2,0.6,92.0,1.8,93.0,513.549487,3.58,0.722,12.8,75.2
0,138.0,5.5,0.5,94.0,1.8,94.0,4682.728424,3.55,0.721,12.7,75.0
0,142.0,49.7,0.6,9.0,1.9,9.0,4293.383274,3.33,0.721,12.7,74.7
0,145.0,48.9,0.4,91.0,1.9,91.0,492.492378,3.51,0.718,12.6,74.5
0,148.0,48.1,0.9,92.0,1.9,94.0,462.517913,3.64,0.714,12.5,74.2
0,15.0,47.2,1.5,95.0,1.9,99.0,4313.1682,3.63,0.709,12.5,74.0
0,161.0,46.3,1.9,99.0,1.9,99.0,482.24762,3.59,0.706,12.4,73.5
0,165.0,45.4,2.3,98.0,1.9,97.0,3719.97351,3.67,0.689,11.1,73.3
0,166.0,44.5,2.3,96.0,1.9,99.0,3465.221998,3.48,0.694,11.9,73.1
0,167.0,43.5,2.3,99.0,2.0,99.0,3596.496282,3.76,0.69,11.7,73.0
0,171.0,42.5,2.2,99.0,2.0,99.0,3394.878,3.89,0.68,10.9,72.7
0,171.0,41.6,2.2,93.0,2.0,95.0,336.8742,3.46,0.682,11.4,72.6
1,55.0,29.0,0.1,96.0,2.1,99.0,34474.13736,3.755,0.902,15.3,83.7
1,57.0,28.6,0.1,96.0,2.0,99.0,3896.21151,0.01,0.899,15.3,83.5
1,56.0,28.2,0.1,96.0,2.0,99.0,4454.44746,7.55,0.894,15.3,83.5
1,58.0,27.8,0.1,97.0,1.9,99.0,4863.47665,7.39,0.889,15.3,83.3
1,64.0,27.4,0.1,97.0,1.9,96.0,48167.99727,7.39,0.884,15.1,82.5
1,62.0,26.9,0.1,97.0,1.9,98.0,4457.67639,6.9,0.879,15.1,83.0
1,64.0,26.4,0.1,97.0,1.8,99.0,4855.17564,7.09,0.881,15.0,83.0
1,66.0,25.9,0.1,98.0,1.8,98.0,39339.29757,7.11,0.88,15.0,82.7
1,67.0,25.4,0.1,98.0,1.8,97.0,35275.22843,7.29,0.877,15.0,82.6
1,68.0,24.9,0.1,98.0,1.7,95.0,35433.98896,7.49,0.873,14.9,82.4
1,69.0,24.4,0.1,98.0,1.7,95.0,37217.64873,7.99,0.87,14.9,82.0
1,68.0,23.8,0.1,99.0,1.7,97.0,37688.72234,7.7,0.866,14.8,82.1
1,7.0,23.4,0.1,97.0,1.7,97.0,3488.3992,7.83,0.863,14.8,81.9
1,7.0,22.9,0.1,96.0,1.7,89.0,32289.3554,7.87,0.86,14.7,81.8
1,72.0,22.5,0.1,95.0,1.7,81.0,33846.46564,8.03,0.856,14.6,81.5
1,74.0,22.2,0.1,85.0,1.6,98.0,38532.488,7.97,0.852,14.5,81.1
0,112.0,65.6,0.1,99.0,4.0,99.0,496.99275,3.755,0.741,13.1,74.1
0,113.0,64.8,0.1,98.0,3.9,98.0,466.94775,0.41,0.737,13.1,74.0
0,114.0,64.0,0.1,98.0,3.9,98.0,3992.86717,0.4,0.737,13.1,73.9
0,115.0,63.2,0.1,98.0,3.9,98.0,387.753211,0.41,0.735,12.9,73.7
0,116.0,62.4,0.1,98.0,3.8,98.0,387.324145,0.43,0.737,13.1,73.6
0,117.0,61.7,0.1,98.0,3.8,98.0,3679.19275,0.51,0.739,13.2,73.4
0,118.0,6.9,0.1,98.0,3.8,98.0,3492.1396,0.59,0.742,13.6,73.3
0,119.0,6.1,0.1,97.0,3.8,98.0,3385.69665,0.61,0.739,13.6,73.1
0,12.0,59.3,0.1,98.0,3.8,98.0,2762.86354,0.6,0.736,13.6,73.0
0,121.0,58.6,0.1,98.0,3.9,98.0,2537.349,0.59,0.733,13.7,72.8
0,127.0,57.8,0.1,95.0,3.9,95.0,223.83787,0.55,0.73,13.8,72.4
0,125.0,57.0,0.1,95.0,3.9,95.0,261.456882,0.54,0.723,13.5,72.5
0,127.0,56.3,0.1,97.0,3.9,97.0,1889.213962,0.54,0.717,13.2,72.3
0,129.0,55.5,0.1,95.0,3.9,95.0,1812.288374,0.54,0.712,13.0,72.1
0,131.0,54.8,0.1,99.0,4.0,97.0,1728.2659,0.55,0.706,12.7,71.9
0,133.0,54.0,0.1,91.0,4.0,94.0,1657.889256,0.49,0.7,12.6,71.7
0,198.0,53.1,0.1,98.0,2.4,98.0,159.9817,3.755,0.793,15.0,72.0
0,22.0,52.3,0.1,95.0,2.4,95.0,1286.56511,6.29,0.789,15.0,69.9
0,28.0,51.4,0.1,98.0,2.4,98.0,1389.8561,6.48,0.782,15.0,69.5
0,214.0,5.6,0.1,99.0,2.4,98.0,12387.18982,6.82,0.774,14.7,69.1
0,224.0,49.9,0.1,99.0,2.3,99.0,11634.42422,6.63,0.766,14.4,68.5
0,236.0,49.2,0.1,99.0,2.3,98.0,97.649972,6.83,0.763,14.5,67.8
0,235.0,48.5,0.1,98.0,2.3,99.0,7165.2775,6.64,0.758,14.6,67.8
0,258.0,47.9,0.1,99.0,2.4,99.0,8513.564645,7.6,0.758,14.6,66.6
0,288.0,47.3,0.1,93.0,2.4,94.0,6771.414797,7.44,0.754,14.7,65.3
0,295.0,46.8,0.1,99.0,2.4,99.0,5291.57565,7.08,0.747,14.3,65.0
0,294.0,46.3,0.1,98.0,2.4,99.0,3771.278957,6.94,0.737,13.9,64.6
0,287.0,45.8,0.1,82.0,2.5,99.0,2874.288291,6.55,0.725,13.5,64.7
0,282.0,45.3,0.1,99.0,2.5,99.0,268.123657,6.58,0.714,13.1,64.4
0,276.0,44.8,0.1,95.0,2.6,95.0,1658.31146,5.99,0.7,12.7,64.7
0,284.0,44.4,0.1,95.0,2.6,95.0,149.926751,5.75,0.685,12.3,64.4
0,292.0,43.9,0.1,97.0,2.7,96.0,1229.958,6.0,0.676,12.1,63.9
0,249.0,22.0,2.8,89.0,7.8,83.0,1349.97144,3.755,0.55,11.1,63.4
0,255.0,21.3,2.9,92.0,7.8,93.0,1335.6458,0.01,0.546,11.1,62.9
0,258.0,2.7,3.0,87.0,7.9,94.0,1229.114798,1.84,0.541,11.1,62.6
0,263.0,2.1,3.0,94.0,8.0,94.0,1155.2582,1.81,0.536,11.1,62.1
0,278.0,19.5,3.4,96.0,8.1,97.0,987.4453967,1.8,0.53,11.1,61.2
0,294.0,18.9,4.3,9.0,8.2,9.0,967.34773,1.73,0.523,11.1,63.0
0,317.0,18.4,5.0,88.0,8.2,89.0,92.816252,1.86,0.514,10.7,59.1
0,339.0,17.9,6.4,88.0,8.3,88.0,916.8992515,1.71,0.506,10.4,57.9
0,356.0,17.3,9.1,81.0,8.4,76.0,839.181117,1.97,0.494,10.1,56.8
0,388.0,16.9,10.3,8.0,8.5,77.0,697.66385,1.76,0.483,9.7,55.3
0,412.0,16.4,11.6,76.0,8.6,7.0,519.7999346,1.82,0.474,9.6,54.1
0,432.0,15.9,13.2,73.0,8.7,73.0,458.8843551,1.43,0.461,8.9,53.0
0,437.0,15.5,14.5,73.0,8.8,75.0,436.6875357,1.49,0.45,8.2,52.4
0,437.0,15.1,15.7,84.0,8.9,83.0,395.8493511,1.66,0.451,8.5,52.1
0,434.0,14.7,16.9,8.0,9.0,77.0,41.7763612,1.63,0.447,8.4,51.9
0,428.0,14.4,18.1,82.0,9.2,8.0,43.9797132,1.51,0.448,8.4,51.9
0,198.0,77.6,0.1,78.0,0.1,8.0,1424.483611,3.755,0.586,11.9,66.3
0,2.0,77.1,0.1,75.0,0.1,79.0,1684.54274,0.01,0.597,11.9,66.1
0,22.0,76.7,0.1,95.0,0.1,91.0,1724.361737,0.01,0.589,11.9,65.8
0,24.0,76.2,0.1,94.0,0.1,92.0,1763.815497,0.01,0.581,11.9,65.7
0,26.0,75.7,0.1,99.0,0.1,95.0,1692.613277,0.53,0.585,11.9,65.5
0,27.0,75.2,0.1,91.0,0.1,95.0,1493.1651,0.48,0.584,11.9,65.3
0,28.0,74.6,0.1,86.0,0.1,84.0,1297.285141,0.54,0.576,11.9,65.2
0,21.0,74.1,0.1,82.0,0.2,74.0,1413.3234,0.46,0.572,11.6,65.1
0,211.0,73.4,0.1,94.0,0.2,93.0,1357.632211,0.68,0.574,11.8,65.0
0,212.0,72.8,0.1,86.0,0.2,86.0,1151.555618,0.76,0.576,12.1,65.0
0,213.0,72.1,0.1,79.0,0.2,74.0,1214.556667,0.6,0.0,12.2,64.9
0,214.0,71.4,0.1,62.0,0.2,61.0,113.6286,0.48,0.0,12.4,64.8
0,215.0,7.6,0.1,7.0,0.2,79.0,115.3865,0.5,0.0,11.6,64.7
0,217.0,69.7,0.1,77.0,0.2,96.0,826.58554,0.49,0.0,11.7,64.6
0,219.0,68.8,0.1,85.0,0.2,88.0,734.9492461,0.6,0.0,10.4,64.3
0,222.0,67.9,0.1,9.0,0.2,9.0,796.7937634,0.46,0.0,10.0,64.1
0,81.0,71.4,0.1,99.0,3.5,99.0,28975.418,3.755,0.799,13.3,74.7
0,82.0,7.8,0.1,95.0,3.4,94.0,42996.4812,0.01,0.787,13.0,74.6
0,83.0,7.2,0.1,99.0,3.4,99.0,48399.9581,0.01,0.796,13.1,74.5
0,84.0,69.5,0.1,98.0,3.4,98.0,51264.7134,0.01,0.794,13.2,74.3
0,85.0,69.0,0.1,99.0,3.3,99.0,48268.5912,0.02,0.792,13.4,74.2
0,86.0,68.4,0.1,98.0,3.3,98.0,38497.61696,0.01,0.79,13.5,74.0
0,87.0,67.9,0.1,99.0,3.3,99.0,37567.3121,0.1,0.788,13.6,73.9
0,88.0,67.5,0.1,99.0,3.3,99.0,55571.9986,0.03,0.787,13.8,73.8
0,89.0,67.1,0.1,99.0,3.2,99.0,45793.97614,0.03,0.787,13.9,73.7
0,89.0,66.7,0.1,99.0,3.2,99.0,42717.55725,0.01,0.787,14.1,73.6
0,9.0,66.3,0.1,99.0,3.2,99.0,3549.26132,0.01,0.789,14.2,73.6
0,91.0,65.9,0.1,98.0,3.2,98.0,26921.8278,0.02,0.791,14.4,73.5
0,93.0,65.5,0.1,99.0,3.2,99.0,2271.56961,0.03,0.788,14.1,73.4
0,94.0,65.0,0.1,99.0,3.2,99.0,17789.41981,0.01,0.785,13.9,73.3
0,95.0,64.5,0.1,99.0,3.2,99.0,1654.96761,0.01,0.786,14.0,73.2
0,96.0,64.0,0.1,98.0,3.2,94.0,18389.38433,0.01,0.786,14.1,73.2
0,166.0,44.9,0.1,97.0,3.3,97.0,1766.947595,3.755,0.662,13.0,71.1
0,17.0,43.9,0.1,96.0,3.3,95.0,1766.947595,0.01,0.656,12.8,78.0
0,174.0,43.0,0.1,97.0,3.3,97.0,1766.947595,0.01,0.647,12.5,77.0
0,18.0,42.2,0.1,96.0,3.2,94.0,1766.947595,0.01,0.638,12.3,69.9
0,188.0,41.4,0.2,96.0,3.2,94.0,1766.947595,3.28,0.632,12.1,69.4
0,199.0,4.7,0.1,96.0,3.2,88.0,1766.947595,2.73,0.631,12.2,68.8
0,21.0,4.1,0.1,95.0,3.3,96.0,1766.947595,2.39,0.629,12.4,68.5
0,217.0,39.5,0.2,95.0,3.3,95.0,1766.947595,2.53,0.624,12.6,67.6
0,229.0,39.0,0.1,94.0,3.3,94.0,1766.947595,2.77,0.618,12.6,67.2
0,234.0,38.5,0.1,92.0,3.3,93.0,1766.947595,2.48,0.613,12.5,66.7
0,224.0,38.0,0.1,98.0,3.4,98.0,1766.947595,2.81,0.612,12.4,66.9
0,218.0,37.5,0.1,99.0,3.4,98.0,1766.947595,3.41,0.609,12.5,67.1
0,217.0,37.0,0.1,98.0,3.5,98.0,1766.947595,3.52,0.602,12.2,66.6
0,215.0,36.5,0.1,98.0,3.5,99.0,1766.947595,3.31,0.601,12.1,66.7
0,217.0,36.0,0.1,99.0,3.6,99.0,1766.947595,2.62,0.593,11.8,67.2
0,225.0,35.6,0.1,99.0,3.6,99.0,1766.947595,2.13,0.586,11.4,66.6
0,194.0,21.7,0.2,89.0,8.8,89.0,1766.947595,3.755,0.582,10.8,65.7
0,199.0,2.9,0.2,88.0,8.9,88.0,1766.947595,0.01,0.573,10.6,65.3
0,23.0,2.1,0.3,87.0,9.0,86.0,1766.947595,0.01,0.563,10.4,64.9
0,28.0,19.4,0.3,79.0,9.1,78.0,1766.947595,0.01,0.554,10.2,64.4
0,213.0,18.7,0.3,78.0,9.2,79.0,1766.947595,5.39,0.542,9.9,64.0
0,218.0,18.0,0.3,74.0,9.3,76.0,1766.947595,5.95,0.535,9.6,63.6
0,223.0,17.3,0.2,67.0,9.4,67.0,1766.947595,5.18,0.525,9.4,63.1
0,228.0,16.7,0.2,61.0,9.6,6.0,1766.947595,5.1,0.518,9.2,62.6
0,234.0,16.1,0.2,5.0,9.7,46.0,1766.947595,5.0,0.509,9.0,62.1
0,24.0,15.5,0.2,57.0,9.9,56.0,1766.947595,3.69,0.503,9.0,61.5
0,246.0,14.9,0.2,49.0,1.0,5.0,1766.947595,3.68,0.494,8.7,61.0
0,252.0,14.4,0.2,45.0,1.1,46.0,1766.947595,3.53,0.485,8.6,64.0
0,259.0,13.8,0.1,49.0,1.2,52.0,1766.947595,3.41,0.477,8.3,59.8
0,265.0,13.3,0.1,53.0,1.3,55.0,1766.947595,3.33,0.468,8.0,59.3
0,271.0,12.7,0.1,52.0,1.4,55.0,1766.947595,3.13,0.463,8.0,58.7
0,278.0,12.3,0.1,51.0,1.5,57.0,1766.947595,5.16,0.459,8.0,58.1
1,153.0,61.2,0.1,95.0,2.2,95.0,13666.58336,3.755,0.828,16.0,74.6
1,156.0,6.7,0.1,92.0,2.2,92.0,15725.1374,0.01,0.822,16.0,74.4
1,161.0,6.2,0.1,94.0,2.2,94.0,1532.22924,10.37,0.814,15.4,74.1
1,163.0,59.8,0.1,91.0,2.2,91.0,13822.8559,10.21,0.812,15.5,73.8
1,169.0,59.4,0.1,92.0,2.2,92.0,1372.68947,10.14,0.81,15.8,73.6
1,18.0,58.9,0.1,92.0,2.2,92.0,11326.21947,9.8,0.815,16.0,72.8
1,184.0,58.5,0.1,94.0,2.3,94.0,12219.37379,9.85,0.821,16.4,72.6
1,199.0,58.1,0.1,94.0,2.3,94.0,16348.53121,11.84,0.819,16.3,71.9
1,221.0,57.7,0.1,94.0,2.4,94.0,1444.1589,12.12,0.814,16.2,78.0
1,229.0,57.4,0.1,96.0,2.4,96.0,9667.9757,10.4,0.807,16.2,75.0
1,216.0,57.0,0.1,99.0,2.5,99.0,7558.7426,9.92,0.791,15.9,76.0
1,26.0,56.6,0.1,99.0,2.5,99.0,6351.8125,8.81,0.776,15.5,71.0
1,29.0,56.3,0.1,98.0,2.6,98.0,5134.95694,8.24,0.761,15.2,78.0
1,219.0,56.0,0.1,97.0,2.7,98.0,4132.34927,7.44,0.746,14.8,73.0
1,228.0,55.7,0.1,97.0,2.8,97.0,3572.8513,6.68,0.728,14.2,69.9
1,218.0,55.4,0.1,96.0,2.8,96.0,3352.731296,7.13,0.716,13.7,71.0
0,98.0,66.1,0.1,81.0,4.9,75.0,846.632851,3.755,0.763,13.3,74.9
0,99.0,65.4,0.1,81.0,4.8,75.0,8161.4614,1.32,0.763,13.3,74.8
0,97.0,64.9,0.1,81.0,4.8,75.0,846.285153,1.29,0.766,13.3,74.9
0,93.0,64.4,0.1,81.0,4.8,75.0,8787.94668,1.53,0.763,13.3,75.0
0,93.0,64.0,0.1,81.0,4.7,75.0,8734.9653,1.57,0.758,13.2,75.0
0,94.0,63.5,0.1,81.0,4.7,75.0,8763.826274,1.58,0.752,13.3,74.9
0,95.0,63.0,0.1,81.0,4.7,75.0,84.268878,1.62,0.746,13.2,74.7
0,98.0,62.5,0.1,81.0,4.7,75.0,712.775759,1.67,0.74,13.1,74.5
0,98.0,61.9,0.1,8.0,4.7,75.0,614.271115,1.72,0.731,12.9,74.4
0,1.0,61.4,0.1,78.0,4.7,75.0,5372.65899,1.82,0.733,13.2,74.1
0,11.0,6.8,0.1,77.0,4.7,74.0,5339.441291,1.94,0.0,13.7,73.9
0,13.0,6.2,0.1,75.0,4.7,74.0,5424.22356,2.1,0.0,14.2,73.7
0,15.0,59.7,0.1,74.0,4.8,74.0,5425.6697,2.19,0.0,14.8,73.5
0,17.0,59.1,0.1,77.0,4.8,77.0,5436.595223,1.98,0.0,15.2,73.2
0,11.0,58.6,0.1,8.0,4.9,8.0,5253.122599,2.19,0.0,15.0,73.0
0,112.0,57.9,0.1,83.0,4.9,83.0,5334.93329,2.26,0.0,14.9,72.7
0,484.0,32.6,9.3,93.0,5.5,9.0,173.82893,3.755,0.495,10.7,53.7
0,522.0,32.0,9.4,93.0,5.8,9.0,1174.839214,0.01,0.491,10.8,52.1
0,518.0,31.4,9.6,93.0,6.1,9.0,1196.1335,0.01,0.484,11.1,52.1
0,513.0,3.8,9.0,95.0,6.4,93.0,1281.516,0.01,0.479,11.0,52.2
0,52.0,3.2,10.5,96.0,6.8,95.0,1352.38433,2.39,0.469,11.0,52.3
0,527.0,29.7,13.4,93.0,7.2,92.0,1173.26212,2.71,0.464,10.9,51.1
0,566.0,29.2,18.2,91.0,7.6,89.0,923.136931,2.75,0.453,10.8,49.4
0,592.0,28.8,27.3,88.0,8.0,86.0,934.428563,2.75,0.447,10.7,47.8
0,633.0,28.3,30.0,88.0,8.4,87.0,918.432717,2.69,0.44,10.6,46.2
0,654.0,27.9,34.1,89.0,8.8,88.0,915.775754,2.61,0.437,10.7,45.3
0,675.0,27.4,34.8,89.0,9.3,88.0,862.9463118,2.67,0.437,10.7,44.5
0,666.0,26.9,34.6,9.0,9.7,89.0,781.5145936,1.8,0.439,10.7,44.8
0,648.0,26.4,33.8,9.0,1.2,9.0,63.636279,1.99,0.44,10.5,45.5
0,622.0,25.9,32.5,84.0,1.6,84.0,47.89395,2.95,0.446,10.4,46.4
0,586.0,25.4,31.2,78.0,11.1,78.0,437.819184,2.86,0.443,10.3,47.8
0,543.0,24.9,29.8,83.0,11.5,82.0,474.8197876,3.1,0.445,9.6,49.3
0,259.0,27.3,0.9,52.0,6.5,52.0,452.38717,3.755,0.427,9.9,61.4
0,329.0,26.7,0.9,5.0,6.7,49.0,458.4651734,0.01,0.426,9.9,58.1
0,258.0,26.1,1.1,76.0,6.8,75.0,454.1222236,0.01,0.419,9.8,61.1
0,261.0,25.6,1.2,8.0,7.0,8.0,415.361958,0.01,0.416,9.6,67.0
0,266.0,25.0,1.5,77.0,7.2,77.0,379.689583,3.72,0.406,9.5,62.0
0,272.0,24.5,1.8,7.0,7.4,71.0,327.42597,3.64,0.403,9.6,59.7
0,277.0,24.0,2.1,81.0,7.6,84.0,33.667491,3.75,0.4,9.7,59.2
0,281.0,23.4,2.4,75.0,7.7,79.0,232.61732,3.88,0.394,9.8,58.6
0,286.0,22.9,2.8,65.0,7.9,67.0,21.3733292,4.03,0.383,9.9,57.9
0,32.0,22.4,3.0,6.0,8.1,66.0,178.92799,4.05,0.377,10.0,56.7
0,316.0,22.0,3.1,6.0,8.3,66.0,168.648254,4.19,0.372,10.1,55.3
0,329.0,21.5,3.2,31.0,8.5,47.0,149.4452549,4.24,0.335,10.2,54.0
0,42.0,21.1,3.2,35.0,8.7,49.0,133.494518,4.21,0.373,10.3,50.0
0,371.0,2.7,3.1,39.0,8.8,51.0,177.285187,4.27,0.376,10.4,56.0
0,333.0,2.4,3.1,42.0,9.0,54.0,174.1815473,4.4,0.386,10.5,51.5
0,39.0,2.2,3.1,46.0,9.2,56.0,183.4149991,4.46,0.338,8.7,51.9
0,138.0,64.8,0.1,97.0,5.8,97.0,1766.947595,3.755,0.719,13.4,72.7
0,143.0,63.8,0.1,94.0,5.7,94.0,1766.947595,0.01,0.73,13.4,72.4
0,134.0,62.8,0.1,96.0,5.7,96.0,1766.947595,0.01,0.735,13.4,72.9
0,133.0,61.8,0.1,98.0,5.6,98.0,1766.947595,0.01,0.706,13.7,72.9
0,161.0,6.9,0.1,98.0,5.6,98.0,562.549434,0.01,0.756,14.0,71.3
0,132.0,59.9,0.1,98.0,5.6,98.0,1212.56217,0.01,0.755,14.3,72.8
0,132.0,59.0,0.1,98.0,5.6,98.0,1296.97353,0.01,0.757,14.6,72.7
0,132.0,58.2,0.1,98.0,5.5,98.0,14396.4865,0.01,0.757,14.8,72.6
0,132.0,57.4,0.1,98.0,5.5,98.0,1138.56661,0.01,0.756,15.1,72.5
0,134.0,56.7,0.1,98.0,5.5,98.0,9344.987518,0.01,0.752,15.4,72.2
0,138.0,56.0,0.1,98.0,5.5,98.0,8171.361651,0.01,0.748,15.7,71.9
0,141.0,55.3,0.1,97.0,5.5,97.0,586.8364,0.01,0.747,15.9,71.5
0,144.0,54.6,0.1,95.0,5.6,95.0,4676.96753,0.01,0.74,16.0,71.3
0,146.0,54.0,0.1,93.0,5.6,93.0,375.442638,0.01,0.736,15.8,71.1
0,147.0,53.4,0.1,94.0,5.6,94.0,6269.58123,0.01,0.732,15.7,71.0
0,148.0,52.8,0.1,94.0,5.7,94.0,7145.628494,0.01,0.727,15.5,78.0
1,165.0,62.4,0.1,93.0,2.6,93.0,14252.42853,3.755,0.846,16.5,73.6
1,169.0,61.9,0.1,93.0,2.6,93.0,16554.97139,15.19,0.841,16.5,73.4
1,178.0,61.4,0.1,93.0,2.7,93.0,15712.82376,15.04,0.834,16.4,73.0
1,176.0,6.9,0.1,93.0,2.7,93.0,14341.836,15.14,0.83,16.5,73.0
1,18.0,6.5,0.1,92.0,2.7,92.0,14357.73679,12.66,0.826,16.7,72.8
1,188.0,6.0,0.1,95.0,2.8,95.0,11984.86857,12.9,0.824,16.8,72.4
1,192.0,59.7,0.1,98.0,2.8,98.0,11837.3913,12.4,0.825,16.6,72.2
1,224.0,59.3,0.1,96.0,2.9,96.0,14961.56818,13.3,0.82,16.5,71.1
1,24.0,59.0,0.1,95.0,2.9,95.0,12297.91535,13.4,0.812,16.4,72.0
1,229.0,58.7,0.1,94.0,3.0,94.0,924.642548,12.7,0.807,16.4,76.0
1,222.0,58.4,0.1,94.0,3.0,93.0,7863.1629,12.3,0.798,16.2,78.0
1,24.0,58.1,0.1,94.0,3.1,9.0,676.966998,12.1,0.792,16.3,71.6
1,22.0,57.8,0.1,94.0,3.2,91.0,555.535669,11.29,0.78,15.8,71.6
1,22.0,57.5,0.1,95.0,3.3,97.0,4146.987928,11.0,0.77,15.3,71.4
1,21.0,57.2,0.1,95.0,3.3,97.0,353.147337,10.2,0.757,14.7,71.2
1,2.0,56.9,0.1,94.0,3.4,92.0,3297.35471,9.87,0.745,14.0,71.6
1,63.0,61.3,0.1,99.0,1.0,99.0,1199.8223,3.755,0.896,13.9,82.0
1,65.0,6.9,0.1,99.0,1.0,99.0,119172.7418,11.12,0.892,13.9,81.7
1,68.0,6.5,0.1,99.0,0.9,99.0,113751.85,11.02,0.892,13.9,81.4
1,7.0,6.1,0.1,99.0,0.9,99.0,16749.136,11.34,0.892,13.9,81.1
1,72.0,59.6,0.1,99.0,0.9,96.0,115761.577,11.5,0.894,13.9,88.0
1,73.0,59.2,0.1,99.0,0.9,96.0,14965.361,11.36,0.884,13.7,86.0
1,76.0,58.8,0.1,99.0,0.9,96.0,13198.6693,11.42,0.888,13.5,83.0
1,8.0,58.4,0.1,99.0,0.9,96.0,114293.8433,11.53,0.887,13.5,80.0
1,82.0,57.9,0.1,99.0,0.9,96.0,1618.4928,11.75,0.877,13.5,79.7
1,85.0,57.5,0.1,99.0,0.9,99.0,89739.7117,11.98,0.88,13.5,79.4
1,9.0,57.0,0.1,99.0,1.0,99.0,8289.69641,11.84,0.874,13.5,78.8
1,92.0,56.4,0.1,99.0,1.0,99.0,75716.3518,12.42,0.867,13.5,78.7
1,92.0,55.8,0.1,98.0,1.0,99.0,65445.8853,12.61,0.865,13.6,78.6
1,95.0,55.2,0.1,99.0,1.0,99.0,5293.64115,12.91,0.86,13.5,78.3
1,96.0,54.6,0.1,99.0,1.0,99.0,48179.4285,12.89,0.854,13.4,78.0
1,98.0,54.0,0.1,99.0,1.0,99.0,48735.99549,13.14,0.848,13.5,77.8
0,22.0,2.5,0.3,69.0,7.1,71.0,41.8575951,3.755,0.511,10.3,65.5
0,225.0,2.0,0.3,73.0,7.2,73.0,452.4631926,0.01,0.509,10.3,65.1
0,23.0,19.5,0.4,74.0,7.3,73.0,461.723722,0.87,0.508,10.3,64.7
0,235.0,19.0,0.4,7.0,7.4,71.0,443.9611,0.87,0.506,10.2,64.3
0,241.0,18.5,0.4,73.0,7.5,73.0,454.963464,0.97,0.504,10.2,63.8
0,248.0,18.0,0.5,7.0,7.6,7.0,412.739341,1.03,0.503,10.2,63.3
0,254.0,17.6,0.5,77.0,7.7,76.0,415.6893226,0.91,0.5,9.7,62.8
0,259.0,17.1,0.5,77.0,7.8,77.0,47.733254,0.68,0.491,9.4,62.3
0,261.0,16.7,0.6,84.0,7.9,83.0,377.8482928,0.71,0.483,9.1,61.9
0,263.0,16.3,0.6,85.0,8.0,83.0,292.157443,0.68,0.478,9.0,61.4
0,265.0,15.8,0.6,85.0,8.1,8.0,274.819723,0.72,0.473,8.9,69.0
0,267.0,15.4,0.6,78.0,8.2,74.0,245.1235876,0.81,0.466,8.7,64.0
0,268.0,15.0,0.7,66.0,8.3,65.0,316.7998965,0.93,0.457,8.5,59.9
0,271.0,14.7,0.7,62.0,8.5,61.0,262.2859481,0.9,0.462,8.3,59.3
0,276.0,14.3,0.7,6.0,8.6,6.0,278.555732,1.05,0.456,8.2,58.7
0,283.0,13.9,0.6,57.0,8.7,58.0,245.939659,1.16,0.0,8.0,57.9
0,365.0,19.6,4.8,88.0,6.4,88.0,362.6575444,3.755,0.473,10.8,58.3
0,377.0,19.2,5.1,91.0,6.5,87.0,354.7253961,0.01,0.466,10.7,57.6
0,394.0,18.8,6.3,89.0,6.5,89.0,332.922339,0.01,0.459,10.7,56.7
0,42.0,18.4,8.3,96.0,6.6,95.0,374.51882,0.01,0.454,10.7,55.3
0,441.0,18.0,11.2,97.0,6.7,97.0,512.125451,1.23,0.444,10.6,54.1
0,462.0,17.6,13.7,93.0,6.8,86.0,458.8681744,1.08,0.43,10.2,52.9
0,491.0,17.3,14.9,93.0,6.9,93.0,42.7379657,1.16,0.415,9.9,51.5
0,525.0,16.9,16.9,91.0,7.0,92.0,372.842678,1.27,0.4,9.6,50.0
0,559.0,16.6,19.3,87.0,7.1,88.0,32.2227274,1.18,0.387,9.7,48.5
0,587.0,16.2,21.1,99.0,7.3,99.0,297.6971211,1.18,0.377,9.6,47.1
0,66.0,15.9,22.4,93.0,7.4,94.0,28.3673842,1.04,0.371,9.7,46.0
0,615.0,15.5,23.4,89.0,7.5,94.0,274.2256294,1.11,0.366,10.0,45.1
0,613.0,15.2,24.2,84.0,7.6,85.0,26.152517,1.08,0.362,10.3,44.6
0,67.0,14.8,24.7,64.0,7.7,79.0,29.9798977,1.1,0.388,10.4,44.0
0,599.0,14.4,25.1,9.0,7.9,86.0,146.7615397,1.15,0.387,10.1,43.5
0,588.0,14.1,25.5,75.0,8.0,73.0,153.2594872,1.18,0.391,10.7,43.1
0,123.0,4.6,0.1,99.0,7.5,99.0,9643.644683,3.755,0.787,13.1,75.0
0,126.0,39.5,0.1,97.0,7.6,97.0,11183.96191,0.52,0.783,13.0,74.8
0,128.0,38.5,0.1,97.0,7.8,97.0,1882.27842,0.53,0.779,12.9,74.6
0,129.0,37.4,0.1,97.0,7.9,97.0,1779.49641,0.53,0.776,12.9,74.5
0,13.0,36.3,0.1,96.0,8.0,96.0,145.1262,0.51,0.774,13.0,74.3
0,131.0,35.3,0.1,96.0,8.2,96.0,971.356987,0.49,0.764,12.8,74.1
0,131.0,34.4,0.1,97.0,8.3,97.0,7326.744435,0.47,0.756,12.6,74.0
0,132.0,33.4,0.1,97.0,8.5,97.0,8513.629541,0.47,0.747,12.5,73.8
0,133.0,32.5,0.1,97.0,8.7,97.0,7269.17114,0.43,0.736,12.3,73.7
0,134.0,31.6,0.1,95.0,8.8,95.0,6222.982955,0.42,0.732,12.7,73.6
0,135.0,3.7,0.1,96.0,9.0,96.0,5593.822995,0.46,0.734,12.9,73.4
0,137.0,29.8,0.1,95.0,9.2,95.0,4955.477743,0.49,0.731,12.7,73.2
0,138.0,28.8,0.1,96.0,9.3,96.0,4463.675893,0.48,0.724,12.1,73.1
0,14.0,27.9,0.1,94.0,9.5,94.0,4167.364387,0.49,0.723,12.0,72.9
0,144.0,27.0,0.1,96.0,9.7,95.0,3915.11546,0.53,0.725,11.9,72.7
0,149.0,26.0,0.1,98.0,9.8,98.0,445.17471,0.54,0.715,11.6,72.4
0,61.0,27.4,0.1,99.0,13.6,99.0,8395.785198,3.755,0.701,12.7,78.5
0,62.0,26.2,0.1,99.0,13.6,99.0,7716.2415,0.01,0.693,12.7,78.2
0,64.0,25.1,0.1,99.0,13.7,99.0,7112.33575,0.01,0.683,12.4,77.9
0,65.0,24.1,0.1,99.0,13.8,99.0,6541.7465,0.01,0.675,12.1,77.6
0,67.0,23.1,0.1,96.0,13.9,96.0,6497.55443,1.92,0.663,11.8,77.3
0,73.0,22.1,0.1,96.0,14.0,97.0,633.79498,1.83,0.653,11.6,76.7
0,75.0,21.2,0.1,98.0,14.1,98.0,597.1659,1.59,0.651,11.8,76.3
0,81.0,2.3,0.1,98.0,14.2,98.0,5828.621374,1.76,0.641,11.8,75.9
0,82.0,19.5,0.1,98.0,14.3,98.0,52.862285,1.78,0.632,11.9,75.4
0,88.0,18.7,0.1,98.0,14.3,98.0,4428.522898,1.62,0.622,12.0,75.0
0,93.0,18.0,0.1,98.0,14.4,98.0,3488.493769,1.47,0.625,12.1,74.3
0,16.0,17.3,0.1,96.0,14.5,96.0,3853.33348,1.6,0.617,12.2,73.4
0,112.0,16.7,0.1,98.0,14.6,98.0,3432.247841,1.75,0.601,11.8,72.7
0,124.0,16.2,0.1,98.0,14.6,98.0,32.37239,1.95,0.597,12.0,71.8
0,129.0,15.6,0.1,98.0,14.7,97.0,298.67598,1.98,0.587,11.8,78.0
0,139.0,15.2,0.1,98.0,14.8,98.0,2182.99711,1.83,0.577,11.3,69.6
0,266.0,23.8,1.5,64.0,7.7,66.0,729.725338,3.755,0.438,8.4,58.2
0,272.0,23.2,1.6,73.0,7.9,74.0,825.5729915,0.01,0.43,8.2,57.8
0,275.0,22.5,1.6,69.0,8.1,7.0,777.659139,0.01,0.421,8.0,57.3
0,27.0,21.9,1.5,66.0,8.3,72.0,777.3476868,0.01,0.411,7.7,57.2
0,271.0,21.3,1.5,66.0,8.5,72.0,835.88998,0.61,0.404,7.5,56.8
0,273.0,2.7,1.5,73.0,8.8,77.0,78.377632,0.6,0.396,7.3,56.5
0,276.0,2.2,1.6,73.0,9.0,77.0,697.153124,0.59,0.385,7.1,56.0
0,278.0,19.6,1.6,74.0,9.2,74.0,689.6784228,0.57,0.36,5.8,55.5
0,282.0,19.0,1.7,74.0,9.4,76.0,595.6368319,0.55,0.363,6.4,55.0
0,288.0,18.5,1.8,78.0,9.7,79.0,521.6425796,0.53,0.35,6.1,54.3
0,29.0,18.0,1.9,77.0,9.9,78.0,487.942556,0.55,0.338,5.8,53.6
0,296.0,17.5,2.0,69.0,1.1,7.0,439.3572924,0.49,0.333,5.5,52.8
0,299.0,17.0,2.2,63.0,1.3,67.0,391.791281,0.54,0.318,5.2,52.0
0,31.0,16.5,2.3,61.0,1.5,65.0,334.22416,0.53,0.308,4.9,51.2
0,34.0,16.1,2.4,49.0,1.8,56.0,36.8473237,0.51,0.297,4.6,55.0
0,37.0,15.6,2.5,43.0,11.0,53.0,269.3483829,0.47,0.291,4.4,49.8
1,54.0,69.6,0.1,97.0,0.8,97.0,23819.4636,3.755,0.853,14.6,81.7
1,55.0,69.2,0.1,99.0,0.8,99.0,2618.92599,8.49,0.847,14.3,81.4
1,57.0,68.8,0.1,99.0,0.8,99.0,2393.1888,8.58,0.828,14.2,81.1
1,58.0,68.4,0.1,99.0,0.8,99.0,2193.8836,7.67,0.821,14.1,81.0
1,59.0,68.0,0.1,96.0,0.8,96.0,22821.847,6.91,0.826,14.8,87.0
1,62.0,67.6,0.1,76.0,0.8,76.0,2187.79469,7.91,0.819,14.6,83.0
1,63.0,67.1,0.1,73.0,0.8,73.0,2675.58259,7.38,0.815,14.4,82.0
1,64.0,66.6,0.1,72.0,0.7,72.0,21928.767,7.14,0.813,14.6,80.0
1,65.0,66.1,0.1,74.0,0.7,76.0,19375.5696,7.45,0.808,14.4,79.6
1,66.0,65.6,0.1,85.0,0.7,83.0,16671.5672,8.84,0.809,14.8,79.3
1,67.0,65.0,0.1,92.0,0.7,94.0,15835.34667,6.41,0.805,14.8,79.0
1,69.0,64.5,0.1,89.0,0.7,89.0,1519.5497,6.53,0.797,14.2,78.7
1,71.0,63.9,0.1,94.0,0.7,94.0,13689.98999,6.7,0.79,13.8,78.5
1,75.0,63.4,0.1,95.0,0.7,95.0,11843.9392,5.73,0.786,13.8,78.2
1,79.0,62.8,0.1,95.0,0.7,95.0,1121.78636,5.62,0.783,13.7,77.8
1,8.0,62.3,0.1,94.0,0.8,94.0,1139.5651,5.59,0.779,13.8,77.5
0,144.0,81.6,0.1,79.0,0.1,79.0,3617.752354,0.01,0.677,0.0,72.1
0,25.0,3.8,0.9,73.0,7.8,67.0,1158.256469,3.755,0.513,8.5,63.1
0,26.0,3.1,0.9,84.0,8.0,84.0,1326.66882,0.01,0.509,8.5,63.0
0,28.0,29.4,1.1,8.0,8.1,8.0,145.57838,0.01,0.501,8.2,62.7
0,29.0,28.8,1.2,8.0,8.3,8.0,1364.283745,0.01,0.491,7.8,62.5
0,212.0,28.1,1.2,75.0,8.5,73.0,1393.261593,0.01,0.487,7.7,62.2
0,214.0,27.4,1.2,64.0,8.7,52.0,123.383675,0.01,0.484,7.6,62.0
0,215.0,26.8,1.2,64.0,8.9,63.0,146.83851,0.01,0.476,7.1,61.7
0,217.0,26.1,1.3,74.0,9.2,73.0,1167.535689,0.02,0.475,7.2,61.4
0,219.0,25.5,1.3,75.0,9.4,75.0,113.3128,0.02,0.475,7.4,61.2
0,221.0,24.8,1.3,68.0,9.6,68.0,944.134851,0.01,0.466,7.2,69.0
0,223.0,24.2,1.3,71.0,9.8,71.0,697.7451989,0.01,0.461,7.2,66.0
0,224.0,23.6,1.3,7.0,1.0,68.0,62.547286,0.01,0.451,6.7,64.0
0,226.0,22.9,1.3,76.0,1.3,75.0,528.586613,0.01,0.447,6.6,63.0
0,228.0,22.3,1.2,89.0,1.5,91.0,46.9542322,0.02,0.446,6.5,62.0
0,229.0,21.7,1.2,75.0,1.7,75.0,464.229758,0.01,0.444,6.5,61.0
0,23.0,21.1,1.1,51.0,1.9,58.0,477.476124,0.03,0.443,6.4,60.0
0,146.0,33.3,0.1,97.0,6.9,98.0,9252.11724,3.755,0.779,15.2,74.6
0,148.0,32.8,0.1,97.0,7.0,98.0,1153.93822,0.01,0.769,14.7,74.2
0,147.0,32.3,0.1,98.0,7.0,98.0,9637.265,0.01,0.765,14.7,74.1
0,154.0,31.8,0.1,98.0,7.1,98.0,9291.227619,0.01,0.756,14.3,73.9
0,158.0,31.3,0.1,98.0,7.1,98.0,9197.26972,3.03,0.748,14.1,73.6
0,163.0,3.7,0.2,99.0,7.2,99.0,8.376432,2.95,0.74,14.0,73.3
0,166.0,3.2,0.1,99.0,7.3,99.0,7318.12641,2.83,0.734,13.8,72.8
0,166.0,29.7,0.1,99.0,7.4,99.0,83.635,2.49,0.728,13.6,72.7
0,161.0,29.1,0.1,97.0,7.5,96.0,6574.654338,3.24,0.72,13.5,72.9
0,165.0,28.6,0.1,97.0,7.6,98.0,5695.969327,3.73,0.713,13.4,71.8
0,168.0,28.0,0.1,97.0,7.7,97.0,5116.45424,3.94,0.704,13.0,72.1
0,168.0,27.5,0.1,98.0,7.8,98.0,5229.876738,4.16,0.696,12.8,71.9
0,174.0,26.9,0.1,99.0,7.9,99.0,4623.347642,4.08,0.687,12.6,71.5
0,179.0,26.4,0.1,88.0,7.9,88.0,3957.51296,4.14,0.683,12.5,71.5
0,177.0,25.8,0.1,92.0,8.0,93.0,3792.182152,4.38,0.673,12.2,71.5
0,177.0,25.3,0.1,88.0,8.1,88.0,3861.32414,4.6,0.667,12.1,71.0
0,122.0,63.5,0.1,87.0,1.5,87.0,9143.128494,3.755,0.758,13.3,76.7
0,122.0,62.8,0.1,87.0,1.6,87.0,1452.27766,5.26,0.754,13.1,76.6
0,12.0,62.1,0.1,83.0,1.6,83.0,1298.86766,5.23,0.753,12.9,76.6
0,123.0,61.5,0.1,99.0,1.6,99.0,982.532572,5.29,0.748,12.7,76.3
0,124.0,6.8,0.1,97.0,1.6,97.0,9834.472689,5.3,0.745,12.6,76.1
0,127.0,6.1,0.1,95.0,1.6,95.0,8959.581416,5.21,0.739,12.5,75.6
0,13.0,59.4,0.1,95.0,1.7,95.0,7748.12331,5.27,0.738,12.5,75.7
0,127.0,58.7,0.1,96.0,1.7,96.0,9689.52887,5.36,0.735,12.3,75.6
0,123.0,57.9,0.1,98.0,1.7,98.0,933.341687,5.35,0.731,12.3,76.0
0,125.0,57.2,0.1,98.0,1.8,98.0,8767.92258,5.11,0.723,12.2,75.8
0,126.0,56.4,0.1,98.0,1.8,98.0,7986.798439,4.93,0.719,12.2,75.3
0,124.0,55.7,0.1,98.0,1.8,98.0,7199.59665,4.9,0.714,12.1,75.4
0,127.0,54.9,0.1,98.0,1.9,98.0,6751.998987,4.88,0.708,11.9,75.0
0,127.0,54.1,0.1,97.0,1.9,98.0,716.8219,4.77,0.703,11.6,75.0
0,126.0,53.2,0.1,97.0,1.9,97.0,731.378864,4.86,0.7,11.6,75.0
0,129.0,52.4,0.1,97.0,2.0,97.0,672.92113,4.99,0.694,11.4,74.8
0,166.0,69.4,0.1,72.0,0.2,71.0,1766.947595,3.755,0.637,11.7,69.4
0,164.0,68.7,0.1,77.0,0.2,76.0,1766.947595,1.58,0.639,11.7,69.4
0,166.0,68.1,0.1,81.0,0.2,81.0,1766.947595,1.67,0.641,11.7,69.2
0,168.0,67.5,0.1,81.0,0.2,81.0,1766.947595,2.98,0.64,11.7,69.0
0,169.0,67.0,0.1,84.0,0.2,83.0,1766.947595,1.89,0.638,11.7,68.9
0,171.0,66.4,0.1,85.0,0.2,85.0,1766.947595,1.76,0.633,11.5,68.7
0,172.0,65.8,0.1,91.0,0.2,81.0,1766.947595,2.06,0.629,11.4,68.5
0,174.0,65.2,0.1,85.0,0.2,88.0,1766.947595,1.97,0.628,11.2,68.4
0,175.0,64.7,0.1,79.0,0.2,79.0,1766.947595,1.64,0.625,11.0,68.2
0,176.0,64.1,0.1,67.0,0.2,81.0,1766.947595,1.73,0.622,10.9,68.0
0,178.0,63.6,0.1,94.0,0.2,94.0,1766.947595,1.9,0.617,10.7,67.9
0,179.0,63.2,0.1,78.0,0.2,82.0,1766.947595,2.02,0.616,10.5,67.7
0,18.0,62.8,0.1,92.0,0.2,88.0,1766.947595,3.15,0.612,10.4,67.5
0,21.0,62.4,0.1,84.0,0.2,84.0,1766.947595,2.78,0.608,10.2,66.2
0,183.0,62.0,0.1,75.0,0.3,79.0,1766.947595,2.82,0.604,10.1,67.2
0,185.0,61.5,0.1,85.0,0.3,85.0,1766.947595,2.23,0.0,0.0,67.0
0,144.0,43.5,0.1,99.0,3.3,99.0,1766.947595,0.01,0.677,12.3,72.1
0,222.0,52.7,0.1,99.0,2.2,99.0,3944.1839,3.755,0.733,14.8,68.8
0,225.0,51.5,0.1,99.0,2.2,99.0,4181.583321,0.01,0.729,14.8,68.4
0,227.0,5.4,0.1,98.0,2.2,98.0,4385.379355,0.01,0.72,14.7,68.1
0,231.0,49.2,0.1,99.0,2.2,99.0,4368.82248,0.01,0.712,14.7,67.8
0,235.0,48.0,0.1,99.0,2.2,99.0,3769.595255,0.01,0.701,14.6,67.3
0,25.0,46.9,0.1,96.0,2.2,96.0,265.353659,5.8,0.693,14.3,66.3
0,235.0,45.9,0.1,95.0,2.2,96.0,1717.898761,4.61,0.686,13.8,66.9
0,225.0,44.9,0.1,96.0,2.2,95.0,2139.625631,4.26,0.673,13.4,67.4
0,26.0,43.9,0.1,95.0,2.2,99.0,1634.81431,3.79,0.661,13.0,65.9
0,271.0,43.0,0.1,99.0,2.2,98.0,1334.651896,2.91,0.649,12.7,65.0
0,274.0,42.1,0.1,99.0,2.3,99.0,998.8226671,2.75,0.637,11.8,64.5
0,284.0,41.3,0.1,99.0,2.3,99.0,797.8377432,1.75,0.621,11.2,64.0
0,271.0,4.5,0.1,98.0,2.4,98.0,646.561295,1.31,0.609,10.5,64.0
0,263.0,39.8,0.1,98.0,2.4,98.0,571.51883,2.43,0.599,10.1,63.8
0,266.0,39.1,0.1,95.0,2.5,95.0,524.145924,2.87,0.588,9.4,63.2
0,274.0,38.5,0.1,94.0,2.6,94.0,474.2133361,2.79,0.582,8.9,62.8
0,16.0,61.8,0.1,89.0,1.8,89.0,6461.192554,3.755,0.804,15.1,76.1
0,17.0,61.3,0.1,91.0,1.8,91.0,7378.345289,0.01,0.803,15.1,75.9
0,19.0,6.7,0.1,94.0,1.8,94.0,7186.429787,0.01,0.799,15.1,75.8
0,11.0,6.2,0.1,94.0,1.9,94.0,6586.71929,0.01,0.797,15.1,75.6
0,113.0,59.7,0.1,95.0,1.9,95.0,7318.742449,6.56,0.792,15.1,75.4
0,115.0,59.1,0.1,94.0,2.0,93.0,6682.281158,6.56,0.787,15.0,75.3
0,117.0,58.5,0.1,92.0,2.0,91.0,6698.79439,6.45,0.785,14.6,75.0
0,121.0,57.8,0.1,95.0,2.1,95.0,7325.73474,6.17,0.774,14.2,74.6
0,125.0,57.2,0.1,92.0,2.1,92.0,5957.145693,4.98,0.762,13.6,74.2
0,13.0,56.5,0.1,9.0,2.2,9.0,4383.59597,5.38,0.751,13.2,73.8
0,133.0,55.7,0.1,93.0,2.3,93.0,3674.617924,3.755,0.746,12.8,73.6
0,134.0,55.0,0.1,93.0,2.3,93.0,338.199535,0.01,0.74,12.6,73.5
0,134.0,54.2,0.1,93.0,2.4,93.0,2789.1735,0.01,0.0,0.0,73.5
0,136.0,53.5,0.1,93.0,2.5,93.0,216.243274,0.01,0.0,0.0,73.4
0,136.0,52.7,0.1,93.0,2.5,93.0,199.583957,0.01,0.0,0.0,73.3
0,144.0,51.9,0.1,93.0,2.6,93.0,1627.42893,0.01,0.0,0.0,73.0
0,95.0,58.5,0.1,99.0,6.4,99.0,2847.285569,3.755,0.645,12.1,74.3
0,96.0,57.5,0.1,99.0,6.4,99.0,3154.513484,0.43,0.64,12.1,74.1
0,97.0,56.5,0.1,99.0,6.4,99.0,3111.762887,0.45,0.634,12.1,73.9
0,99.0,55.5,0.1,99.0,6.3,99.0,294.746728,0.55,0.623,11.6,73.6
0,14.0,54.6,0.1,99.0,6.3,98.0,339.91616,0.54,0.612,11.2,73.3
0,11.0,53.6,0.1,99.0,6.3,99.0,2834.2472,0.56,0.603,10.7,72.8
0,116.0,52.7,0.1,99.0,6.4,99.0,2861.5545,0.62,0.596,10.5,72.3
0,123.0,51.7,0.1,99.0,6.4,99.0,2884.94776,0.51,0.589,10.3,71.8
0,128.0,5.8,0.1,95.0,6.4,95.0,2494.353552,0.56,0.581,10.0,71.4
0,133.0,49.9,0.1,97.0,6.4,97.0,2191.478567,0.58,0.575,10.0,71.0
0,137.0,49.1,0.1,98.0,6.5,98.0,213.755559,0.47,0.569,9.8,77.0
0,142.0,48.2,0.1,97.0,6.5,97.0,1948.812275,0.56,0.561,9.6,72.0
0,146.0,47.3,0.1,91.0,6.6,91.0,1721.973863,0.58,0.551,9.3,69.9
0,15.0,46.5,0.1,94.0,6.6,94.0,1413.757176,0.46,0.54,8.8,69.5
0,155.0,45.7,0.1,96.0,6.7,93.0,1336.775376,0.46,0.53,8.5,69.0
0,16.0,44.8,0.1,95.0,6.7,95.0,1332.382358,0.45,0.519,8.0,68.6
0,355.0,22.6,3.9,8.0,3.6,8.0,528.3125597,3.755,0.414,9.1,57.6
0,375.0,22.2,4.1,79.0,3.6,79.0,623.2871141,0.01,0.409,9.1,56.7
0,46.0,21.8,5.1,78.0,3.6,78.0,65.985681,1.16,0.405,9.1,55.3
0,48.0,21.3,6.9,76.0,3.6,73.0,566.513873,1.19,0.4,9.2,54.8
0,47.0,2.9,9.6,76.0,3.7,73.0,526.5313517,0.94,0.397,9.5,54.3
0,47.0,2.5,10.8,74.0,3.7,73.0,419.2258149,0.96,0.39,9.3,54.0
0,4.0,2.1,11.3,74.0,3.7,74.0,463.852618,1.18,0.382,9.2,53.8
0,45.0,19.7,12.6,75.0,3.7,74.0,53.127719,1.48,0.372,8.8,53.2
0,425.0,19.3,14.1,75.0,3.8,75.0,422.1461573,1.03,0.36,8.2,52.1
0,434.0,18.9,16.3,78.0,3.8,73.0,385.7567141,1.2,0.353,7.9,51.2
0,434.0,18.5,16.2,8.0,3.9,71.0,369.1545359,1.23,0.341,7.3,58.0
0,429.0,18.1,15.9,83.0,3.9,69.0,336.3318145,1.54,0.332,7.0,54.0
0,424.0,17.7,15.3,85.0,4.0,67.0,283.8911588,1.68,0.318,6.7,51.0
0,416.0,17.3,14.5,76.0,4.0,76.0,262.884551,2.16,0.311,6.2,49.8
0,48.0,16.9,13.4,73.0,4.1,72.0,256.4414872,2.09,0.298,5.8,49.5
0,43.0,16.5,12.2,7.0,4.2,69.0,277.6486591,1.14,0.291,5.4,49.0
0,199.0,23.8,0.3,89.0,12.8,89.0,1194.59137,3.755,0.552,9.1,66.6
0,21.0,22.9,0.3,88.0,12.9,88.0,1262.893782,0.01,0.547,9.1,66.4
0,22.0,22.1,0.4,75.0,12.9,76.0,1168.83947,0.7,0.54,9.1,66.2
0,25.0,21.3,0.5,84.0,13.0,87.0,1171.58257,0.55,0.533,9.1,65.9
0,27.0,2.5,0.5,84.0,13.0,9.0,1186.423937,0.33,0.526,9.1,65.6
0,29.0,19.8,0.5,9.0,13.1,9.0,987.7365832,0.3,0.515,8.8,65.4
0,211.0,19.1,0.6,9.0,13.1,9.0,741.777116,0.28,0.504,8.5,65.2
0,296.0,18.3,0.6,85.0,13.2,85.0,643.951373,0.3,0.493,8.2,59.2
0,217.0,17.6,0.6,86.0,13.2,84.0,41.451,0.26,0.484,8.1,64.5
0,22.0,17.0,0.6,82.0,13.2,82.0,296.97284,0.28,0.474,8.0,64.2
0,224.0,16.4,0.5,73.0,13.2,86.0,247.24276,0.28,0.465,7.9,63.9
0,228.0,15.7,0.5,82.0,13.3,92.0,219.8156688,0.44,0.455,7.8,63.5
0,231.0,15.2,0.5,78.0,13.3,86.0,219.782326,0.4,0.445,7.7,63.2
0,235.0,14.6,0.4,79.0,13.3,84.0,143.77651,0.41,0.435,7.6,62.8
0,239.0,14.1,0.4,73.0,13.3,77.0,138.9249275,0.38,0.427,7.6,62.5
0,243.0,13.6,0.4,82.0,13.3,88.0,193.187484,0.35,0.417,7.5,62.1
0,248.0,35.7,2.1,92.0,8.2,92.0,4737.66996,3.755,0.637,11.7,65.8
0,242.0,34.9,2.2,88.0,8.6,88.0,5421.343953,0.01,0.632,11.7,65.9
0,232.0,34.1,2.5,89.0,9.0,89.0,5488.131712,0.01,0.625,11.6,66.1
0,232.0,33.3,3.7,84.0,9.5,84.0,5749.44752,0.01,0.619,11.5,65.8
0,268.0,32.5,4.7,82.0,9.9,85.0,56.971392,7.84,0.612,11.5,64.3
0,299.0,31.8,6.2,83.0,1.4,83.0,5191.58381,7.58,0.604,11.4,63.0
0,36.0,31.0,8.7,83.0,1.9,83.0,4153.497885,7.99,0.598,11.4,62.4
0,317.0,3.2,11.7,83.0,11.5,83.0,429.6561,6.28,0.589,11.3,61.7
0,356.0,29.4,15.2,86.0,12.0,81.0,422.51968,5.12,0.578,11.3,60.0
0,431.0,28.7,19.2,86.0,12.6,74.0,3881.29535,4.94,0.57,11.4,57.0
0,477.0,27.9,22.1,86.0,13.1,86.0,3573.146387,4.89,0.565,11.6,55.1
0,483.0,27.2,24.0,81.0,13.7,81.0,3288.257373,4.8,0.559,11.7,54.7
0,471.0,26.5,24.7,79.0,14.2,82.0,2482.36862,5.28,0.554,11.7,55.0
0,452.0,25.8,24.6,77.0,14.7,78.0,1713.47594,5.09,0.556,11.8,55.7
0,426.0,25.1,23.9,78.0,15.2,79.0,1834.29486,5.09,0.556,11.7,56.5
0,41.0,24.5,22.8,79.0,15.7,8.0,257.99557,5.73,0.559,11.5,57.4
0,144.0,87.3,0.1,87.0,0.1,87.0,136.18321,0.01,0.677,9.6,72.1
0,165.0,19.1,0.1,91.0,15.7,9.0,743.7653489,3.755,0.555,12.2,69.2
0,158.0,18.5,0.1,92.0,15.9,92.0,76.2386977,0.01,0.551,12.4,69.6
0,162.0,18.0,0.1,92.0,16.1,92.0,688.6172788,0.27,0.545,12.3,69.3
0,167.0,17.4,0.2,9.0,16.3,9.0,681.7925868,0.26,0.538,12.3,68.9
0,172.0,16.9,0.2,92.0,16.5,92.0,692.1166842,0.27,0.529,12.0,68.4
0,178.0,16.4,0.2,82.0,16.7,83.0,592.1835216,0.24,0.515,11.1,68.0
0,183.0,15.9,0.2,89.0,16.9,93.0,48.7299,0.22,0.502,10.5,67.5
0,189.0,15.4,0.2,82.0,17.0,82.0,473.844449,0.21,0.492,10.1,67.0
0,194.0,14.9,0.2,82.0,17.2,82.0,393.8843518,0.2,0.486,10.0,66.6
0,21.0,14.4,0.2,89.0,17.4,91.0,348.6314534,0.2,0.476,9.6,66.0
0,28.0,13.9,0.2,75.0,17.6,78.0,317.89198,0.2,0.469,9.4,65.4
0,218.0,13.4,0.2,8.0,17.8,8.0,287.4156,0.21,0.463,9.3,64.7
0,22.0,12.9,0.1,78.0,18.0,76.0,253.72412,0.2,0.457,9.2,64.3
0,238.0,12.4,0.1,72.0,18.2,72.0,246.375621,0.19,0.447,8.6,63.1
0,23.0,11.9,0.1,72.0,18.3,73.0,248.6183539,0.09,0.446,9.0,63.2
0,238.0,11.4,0.1,74.0,18.5,74.0,231.42554,0.08,0.439,8.9,62.5
1,57.0,62.1,0.1,95.0,1.0,95.0,44292.88473,3.755,0.923,18.1,81.9
1,58.0,61.6,0.1,96.0,1.0,96.0,52157.4687,0.01,0.923,18.1,81.7
1,6.0,61.0,0.1,97.0,1.0,97.0,51574.48942,8.68,0.922,18.1,81.4
1,62.0,6.5,0.1,97.0,1.0,97.0,49474.7561,9.05,0.921,18.1,81.1
1,63.0,59.9,0.1,97.0,1.0,97.0,5354.6536,8.96,0.911,17.2,81.1
1,64.0,59.3,0.1,97.0,1.0,97.0,5338.25483,9.33,0.906,17.0,88.0
1,65.0,58.6,0.1,97.0,1.0,97.0,519.349,9.23,0.906,16.9,86.0
1,68.0,57.9,0.1,97.0,1.0,97.0,56928.8248,9.62,0.905,16.8,83.0
1,68.0,57.3,0.1,97.0,1.0,97.0,51241.31562,9.53,0.899,16.6,82.0
1,71.0,56.5,0.1,96.0,1.0,96.0,44453.97119,9.79,0.893,16.5,79.8
1,72.0,55.8,0.1,96.0,1.0,96.0,41577.169,9.69,0.888,16.4,79.4
1,77.0,55.0,0.1,98.0,1.0,98.0,39954.64222,9.56,0.885,16.5,79.2
1,8.0,54.2,0.1,98.0,1.1,98.0,35245.1647,9.56,0.881,16.5,78.7
1,81.0,53.4,0.1,97.0,1.1,97.0,28817.32321,9.68,0.882,16.9,78.4
1,82.0,52.6,0.1,97.0,1.1,97.0,26584.12169,9.95,0.878,16.7,78.3
1,84.0,51.8,0.1,97.0,1.1,97.0,25921.12794,10.06,0.873,16.5,78.1
1,66.0,67.5,0.1,92.0,0.4,92.0,3821.8937,8.7,0.913,19.2,81.6
1,67.0,66.9,0.1,93.0,0.4,93.0,4453.24673,9.07,0.91,19.2,81.5
1,69.0,66.4,0.1,92.0,0.3,92.0,42889.88141,9.18,0.908,19.3,81.3
1,7.0,65.9,0.1,93.0,0.3,93.0,3997.25624,9.2,0.904,19.5,81.1
1,72.0,65.3,0.1,95.0,0.3,95.0,38426.5581,9.47,0.901,19.7,86.0
1,71.0,64.8,0.1,93.0,0.3,93.0,33691.34837,9.62,0.899,20.3,89.0
1,73.0,64.3,0.1,92.0,0.3,92.0,282.94193,9.24,0.895,19.3,85.0
1,75.0,63.8,0.1,89.0,0.3,89.0,31287.77865,9.49,0.894,19.5,81.0
1,76.0,63.2,0.1,88.0,0.3,88.0,3259.73471,9.19,0.891,19.2,81.0
1,76.0,62.6,0.1,89.0,0.3,89.0,2667.86452,9.34,0.888,19.1,79.9
1,78.0,62.1,0.1,89.0,0.3,89.0,2775.89515,9.31,0.886,18.9,79.9
1,79.0,61.5,0.1,89.0,0.3,87.0,2542.39935,9.15,0.884,18.4,79.2
1,82.0,6.9,0.1,9.0,0.3,86.0,21913.7817,8.91,0.881,18.2,79.1
1,83.0,6.3,0.1,9.0,0.3,84.0,16874.31232,9.13,0.873,17.5,78.7
1,83.0,59.6,0.1,9.0,0.3,82.0,13882.85683,8.75,0.868,17.4,78.5
1,87.0,58.9,0.1,9.0,0.3,82.0,13641.1272,8.91,0.864,17.2,78.6
0,145.0,54.0,0.1,98.0,1.8,99.0,295.966488,3.755,0.642,11.7,74.8
0,148.0,53.2,0.1,98.0,1.8,99.0,1975.46477,3.55,0.636,11.6,74.5
0,157.0,52.4,0.1,98.0,1.8,99.0,1847.19849,3.58,0.63,11.5,73.9
0,157.0,51.7,0.1,98.0,1.8,99.0,1792.3845,3.63,0.625,11.5,73.9
0,147.0,5.9,0.1,98.0,1.8,99.0,1682.957924,3.39,0.62,11.5,74.5
0,154.0,5.2,0.1,98.0,1.9,99.0,1526.497938,3.38,0.614,11.4,73.2
0,163.0,49.4,0.2,98.0,1.9,99.0,1464.497754,3.36,0.613,11.3,73.2
0,169.0,48.6,0.2,97.0,1.9,97.0,1518.85386,3.64,0.607,11.1,72.5
0,173.0,47.9,0.2,93.0,2.0,93.0,1344.31871,3.83,0.601,11.0,72.5
0,17.0,47.1,0.3,88.0,2.0,88.0,124.992617,3.69,0.597,11.0,73.0
0,194.0,46.4,0.3,86.0,2.0,87.0,1175.116225,3.7,0.592,11.0,71.2
0,194.0,45.7,0.3,79.0,2.1,8.0,191.55157,3.81,0.587,11.0,71.0
0,198.0,44.9,0.3,86.0,2.1,86.0,115.565314,3.77,0.583,11.0,76.0
0,197.0,44.2,0.4,85.0,2.2,85.0,11.147277,3.5,0.577,10.7,75.0
0,193.0,43.5,0.4,87.0,2.2,89.0,143.6758,3.51,0.57,10.4,73.0
0,192.0,42.8,0.4,83.0,2.2,85.0,116.2743,3.61,0.562,10.1,73.0
0,22.0,19.3,0.4,65.0,9.6,65.0,358.99731,3.755,0.351,5.4,61.8
0,223.0,18.9,0.5,68.0,9.8,67.0,43.646498,0.01,0.345,5.3,61.4
0,227.0,18.5,0.6,67.0,1.0,56.0,416.14838,0.01,0.341,5.3,69.0
0,232.0,18.1,0.7,71.0,1.3,71.0,391.515524,0.01,0.331,5.1,63.0
0,241.0,17.7,0.7,75.0,1.5,4.0,375.5819866,0.15,0.323,4.8,59.4
0,252.0,17.3,0.9,7.0,1.7,75.0,348.151511,0.12,0.312,4.5,58.2
0,263.0,16.9,1.1,71.0,11.0,71.0,341.2894618,0.11,0.307,4.2,57.1
0,272.0,16.5,1.3,67.0,11.2,68.0,354.8185998,0.12,0.298,4.0,56.0
0,276.0,16.1,1.4,57.0,11.4,57.0,292.55962,0.1,0.293,3.8,55.2
0,277.0,15.7,1.5,51.0,11.6,52.0,258.463873,0.11,0.286,3.7,54.5
0,278.0,15.4,1.6,45.0,11.9,46.0,25.383731,0.11,0.278,3.5,53.7
0,279.0,15.0,1.6,43.0,12.1,45.0,232.5661574,0.11,0.27,3.1,52.9
0,28.0,14.6,1.6,41.0,12.3,44.0,215.8548,0.1,0.266,3.0,52.1
0,282.0,14.3,1.6,39.0,12.5,43.0,177.828384,0.1,0.261,2.9,51.4
0,283.0,13.9,1.6,36.0,12.7,42.0,165.257247,0.11,0.255,2.9,56.0
0,284.0,13.6,1.5,34.0,12.8,41.0,158.455972,0.1,0.253,2.8,50.0
0,344.0,25.4,3.7,49.0,9.8,49.0,2655.157977,3.755,0.525,10.0,54.5
0,362.0,24.7,3.9,49.0,1.1,49.0,3221.678128,0.01,0.521,10.0,53.6
0,367.0,24.1,3.9,46.0,1.4,46.0,2996.96432,8.3,0.514,9.8,53.2
0,374.0,23.5,4.4,42.0,1.7,42.0,2755.297787,8.54,0.507,9.7,52.7
0,375.0,22.8,4.7,48.0,11.0,48.0,2527.9423,8.75,0.5,9.6,52.3
0,374.0,22.2,4.8,54.0,11.3,54.0,2327.3267,8.9,0.492,9.5,52.0
0,376.0,21.6,4.9,63.0,11.7,66.0,197.661422,9.05,0.487,9.3,51.6
0,386.0,21.0,5.0,53.0,12.0,6.0,1383.893354,9.3,0.481,9.2,59.0
0,388.0,2.4,5.2,42.0,12.3,54.0,1136.829645,9.55,0.477,9.1,55.0
0,396.0,19.9,5.3,4.0,12.6,46.0,119.743286,9.66,0.466,9.0,49.8
0,4.0,19.3,5.4,36.0,12.9,45.0,87.8938738,9.71,0.463,8.9,49.2
0,47.0,18.8,5.4,33.0,13.2,43.0,648.815852,9.76,0.445,8.5,48.5
0,41.0,18.3,5.4,29.0,13.5,42.0,512.65719,9.75,0.0,8.1,48.1
0,49.0,17.8,5.3,25.0,13.8,4.0,459.4572117,9.61,0.0,7.7,47.7
0,48.0,17.3,5.1,27.0,14.1,36.0,351.7996666,9.58,0.0,8.0,47.4
0,45.0,16.9,4.9,29.0,14.3,31.0,379.1193264,9.23,0.0,7.6,47.1
0,144.0,77.3,0.1,99.0,0.1,99.0,1766.947595,0.01,0.677,12.3,72.1
1,59.0,61.2,0.1,95.0,0.8,95.0,7455.24654,5.97,0.948,17.7,81.8
1,61.0,6.8,0.1,93.0,0.8,93.0,975.49856,6.06,0.945,17.7,81.6
1,62.0,6.3,0.1,94.0,0.8,94.0,1291.435,6.21,0.942,17.5,81.5
1,61.0,59.8,0.1,95.0,0.7,95.0,11563.727,6.21,0.941,17.6,81.3
1,67.0,59.4,0.1,94.0,0.7,94.0,1574.9861,6.53,0.939,17.6,81.1
1,66.0,58.9,0.1,93.0,0.7,93.0,87646.75346,6.59,0.936,17.4,81.0
1,67.0,58.5,0.1,94.0,0.7,94.0,817.77681,6.68,0.936,17.4,89.0
1,67.0,58.0,0.1,94.0,0.7,94.0,9688.5961,6.75,0.936,17.6,86.0
1,67.0,57.5,0.1,93.0,0.7,93.0,85128.65759,6.6,0.934,17.6,85.0
1,7.0,57.0,0.1,94.0,0.8,94.0,74114.69715,6.47,0.931,17.5,84.0
1,73.0,56.5,0.1,91.0,0.8,91.0,66775.3944,6.37,0.929,17.6,81.0
1,77.0,55.9,0.1,92.0,0.8,92.0,5757.26916,6.22,0.924,17.5,79.8
1,78.0,55.3,0.1,92.0,0.8,92.0,5111.65445,6.04,0.918,17.1,79.4
1,81.0,54.6,0.1,93.0,0.8,93.0,4361.1538,5.89,0.916,17.1,78.9
1,82.0,54.0,0.1,91.0,0.8,91.0,38549.58934,5.49,0.917,17.5,78.8
1,85.0,53.3,0.1,9.0,0.8,91.0,38146.71539,5.67,0.911,17.1,78.5
0,99.0,54.6,0.1,99.0,7.1,99.0,16627.36433,3.755,0.795,13.7,76.6
0,11.0,53.5,0.1,99.0,7.1,99.0,2458.45226,0.4,0.796,13.7,76.4
0,12.0,52.8,0.1,98.0,7.0,99.0,21268.7564,0.46,0.796,13.7,76.2
0,14.0,52.3,0.1,98.0,7.0,99.0,22134.916,0.51,0.797,13.7,76.0
0,15.0,52.0,0.1,99.0,6.9,99.0,2986.36,0.54,0.797,13.6,75.8
0,16.0,51.8,0.1,99.0,6.9,99.0,1928.74739,0.56,0.797,13.5,75.6
0,18.0,51.5,0.1,98.0,6.9,96.0,16784.34616,0.56,0.782,12.4,75.4
0,19.0,51.1,0.1,99.0,6.9,97.0,2275.3536,0.57,0.765,11.9,75.2
0,113.0,5.6,0.1,99.0,7.0,97.0,1585.13226,0.57,0.753,11.5,74.9
0,115.0,5.1,0.1,98.0,7.0,98.0,1448.55,0.58,0.748,11.6,74.7
0,118.0,49.5,0.1,99.0,7.0,99.0,12376.97936,0.63,0.742,11.5,74.3
0,122.0,48.9,0.1,99.0,7.1,99.0,1129.28886,0.61,0.734,11.5,74.0
0,127.0,48.1,0.1,99.0,7.1,99.0,969.8126,0.56,0.725,11.2,73.6
0,13.0,47.3,0.1,99.0,7.1,99.0,8629.11774,0.54,0.716,11.0,73.3
0,134.0,46.5,0.1,99.0,7.1,99.0,8476.61511,0.55,0.705,10.7,72.9
0,138.0,45.9,0.1,99.0,7.2,99.0,861.18596,0.38,0.0,10.4,72.6
0,161.0,25.4,0.1,72.0,19.2,72.0,1431.244865,3.755,0.548,8.1,66.4
0,162.0,24.7,0.1,72.0,19.4,72.0,1316.98966,0.01,0.542,7.8,66.2
0,163.0,23.9,0.1,72.0,19.6,72.0,1272.44161,0.04,0.538,7.7,66.0
0,165.0,23.2,0.1,72.0,19.8,72.0,1261.28967,0.04,0.529,7.6,65.7
0,167.0,22.5,0.1,74.0,2.0,75.0,1226.215314,0.04,0.525,7.5,65.5
0,172.0,21.9,0.1,82.0,2.2,82.0,14.142268,0.04,0.521,7.5,65.1
0,175.0,21.3,0.1,71.0,2.5,7.0,16.63999,0.03,0.514,7.3,64.8
0,177.0,2.6,0.1,62.0,2.7,7.0,139.31288,0.03,0.513,7.3,64.6
0,178.0,2.1,0.1,75.0,2.8,75.0,95.4327931,0.03,0.505,6.7,64.4
0,179.0,19.5,0.1,78.0,21.0,77.0,873.772727,0.03,0.501,6.5,64.2
0,2.0,18.9,0.1,77.0,21.2,78.0,711.4699463,0.04,0.487,6.1,62.9
0,183.0,18.4,0.1,65.0,21.4,65.0,649.848233,0.01,0.474,5.6,63.7
0,185.0,17.9,0.1,67.0,21.6,69.0,563.594342,0.01,0.465,5.6,63.5
0,187.0,17.4,0.1,68.0,21.8,71.0,499.8633,0.01,0.457,5.5,63.2
0,189.0,16.9,0.1,65.0,22.0,68.0,51.6568157,0.01,0.45,5.4,63.0
0,19.0,16.4,0.1,62.0,22.2,65.0,533.8624114,0.02,0.445,5.3,62.8
0,144.0,83.3,0.1,99.0,0.1,99.0,1932.12237,3.755,0.779,14.2,72.1
0,118.0,57.8,0.1,73.0,1.9,72.0,13134.4367,3.755,0.785,13.0,77.8
0,119.0,57.1,0.1,8.0,1.9,8.0,12593.7374,6.74,0.78,13.0,77.6
0,118.0,56.3,0.1,8.0,1.9,81.0,11685.97983,6.89,0.773,12.9,77.5
0,12.0,55.6,0.1,85.0,1.9,87.0,1589.82713,6.95,0.765,12.8,77.2
0,121.0,54.9,0.1,87.0,2.0,91.0,927.723171,6.9,0.758,12.9,77.3
0,122.0,54.2,0.1,94.0,2.0,95.0,7937.259931,6.94,0.756,12.8,76.5
0,127.0,53.4,0.1,85.0,2.0,85.0,7429.628274,6.87,0.755,12.8,76.8
0,127.0,52.7,0.1,86.0,2.0,86.0,6973.9284,6.74,0.75,12.8,76.5
0,124.0,51.9,0.2,85.0,2.1,84.0,668.8667,6.16,0.743,12.9,76.4
0,125.0,51.1,0.1,88.0,2.1,98.0,5348.518399,5.72,0.744,12.9,76.2
0,122.0,5.3,0.1,92.0,2.1,88.0,4916.54886,5.53,0.74,12.9,75.8
0,123.0,49.5,0.2,95.0,2.2,92.0,4591.892776,5.69,0.733,12.8,75.8
0,126.0,48.6,0.1,98.0,2.2,95.0,4267.13578,5.52,0.728,12.8,75.5
0,125.0,47.8,0.2,99.0,2.3,99.0,4126.14671,5.52,0.725,12.6,75.7
0,124.0,46.9,0.1,99.0,2.3,95.0,446.372833,5.43,0.721,12.4,75.5
0,121.0,45.9,0.2,98.0,2.4,99.0,46.29935,5.58,0.716,12.1,75.7
0,275.0,48.6,0.6,73.0,1.3,74.0,1766.947595,3.755,0.515,10.0,62.9
0,278.0,47.9,0.7,73.0,1.3,64.0,2182.716565,0.01,0.511,10.0,62.7
0,281.0,47.2,0.8,79.0,1.3,8.0,229.95364,0.01,0.506,10.0,62.4
0,284.0,46.4,1.0,74.0,1.3,81.0,271.318741,0.01,0.501,9.9,62.2
0,285.0,45.7,1.0,72.0,1.3,69.0,177.867119,0.88,0.494,9.9,62.0
0,286.0,44.9,1.1,67.0,1.4,72.0,1366.879112,0.79,0.485,9.6,61.8
0,288.0,44.2,1.1,73.0,1.4,79.0,1166.66337,0.82,0.477,9.2,61.6
0,29.0,43.4,1.3,63.0,1.4,76.0,1178.72469,0.81,0.469,8.9,61.4
0,295.0,42.7,1.4,71.0,1.4,72.0,956.668952,0.71,0.461,8.6,61.1
0,299.0,41.9,1.5,72.0,1.4,67.0,854.346921,0.64,0.454,8.2,68.0
0,37.0,41.1,1.5,72.0,1.4,61.0,77.5773486,0.84,0.446,7.9,64.0
0,314.0,4.4,1.5,62.0,1.5,59.0,637.3616215,0.58,0.439,7.6,59.9
0,321.0,39.6,1.4,68.0,1.5,62.0,588.3582595,0.59,0.433,7.2,59.6
0,327.0,38.9,1.4,61.0,1.5,54.0,511.665773,0.61,0.428,6.9,59.3
0,331.0,38.2,1.3,55.0,1.5,52.0,539.41528,0.68,0.422,6.6,59.1
0,335.0,37.5,1.1,59.0,1.6,51.0,631.9468526,0.73,0.418,6.2,58.9
0,146.0,5.2,0.2,93.0,2.0,89.0,419.367724,3.755,0.692,12.3,74.0
0,147.0,49.4,0.2,87.0,2.0,83.0,4712.822736,0.01,0.688,12.3,73.9
0,148.0,48.6,0.2,86.0,2.0,8.0,4479.95858,5.03,0.679,12.3,73.8
0,148.0,47.9,0.1,87.0,2.0,83.0,3855.537735,5.36,0.679,12.3,73.6
0,15.0,47.1,0.1,89.0,2.1,84.0,3988.11894,5.79,0.675,12.3,73.4
0,152.0,46.4,0.1,89.0,2.1,85.0,3225.591754,5.65,0.664,12.4,73.2
0,155.0,45.6,0.1,85.0,2.1,81.0,2599.596259,5.39,0.663,12.1,73.0
0,157.0,44.9,0.1,89.0,2.1,85.0,359.992184,6.14,0.654,11.9,72.7
0,159.0,44.2,0.1,95.0,2.2,95.0,2312.192926,5.61,0.649,12.0,72.5
0,161.0,43.5,0.2,98.0,2.2,98.0,189.71539,5.61,0.648,12.1,72.3
0,163.0,42.8,0.2,96.0,2.3,96.0,157.145691,6.38,0.646,12.3,72.1
0,165.0,42.0,0.2,92.0,2.3,92.0,148.527976,6.2,0.639,12.1,71.9
0,166.0,41.3,0.1,86.0,2.4,86.0,1174.779347,6.64,0.642,12.7,71.7
0,168.0,4.6,0.1,87.0,2.4,87.0,1148.229882,5.66,0.632,12.2,71.5
0,17.0,39.8,0.1,89.0,2.5,9.0,1417.26582,6.66,0.624,11.8,71.2
0,172.0,39.1,0.1,86.0,2.5,86.0,1545.626423,6.78,0.625,11.6,79.0
0,123.0,55.6,0.1,9.0,1.1,88.0,63.343259,3.755,0.737,13.4,75.5
0,125.0,54.9,0.1,88.0,1.1,78.0,6491.5245,0.01,0.735,13.4,75.3
0,125.0,54.2,0.1,88.0,1.1,71.0,6583.116248,5.38,0.731,13.4,75.3
0,129.0,53.6,0.1,95.0,1.1,94.0,6387.785281,5.14,0.725,13.4,74.9
0,133.0,52.9,0.2,91.0,1.1,91.0,5771.565878,4.83,0.721,13.4,74.5
0,14.0,52.2,0.2,93.0,1.1,92.0,522.493191,4.72,0.708,13.3,73.7
0,14.0,51.5,0.3,93.0,1.2,92.0,4166.93387,4.69,0.706,13.3,73.8
0,138.0,5.8,0.3,93.0,1.2,93.0,428.87811,4.85,0.7,13.2,73.9
0,133.0,5.2,0.3,93.0,1.2,93.0,3611.2147,4.29,0.696,13.2,74.0
0,134.0,49.5,0.4,94.0,1.2,94.0,3171.49856,4.22,0.693,13.0,74.2
0,148.0,48.8,0.4,77.0,1.3,66.0,2754.7829,4.44,0.692,13.0,72.8
0,151.0,48.1,0.4,86.0,1.3,81.0,2448.143899,4.27,0.685,12.8,72.2
0,152.0,47.4,0.4,94.0,1.3,95.0,218.25997,4.5,0.686,13.3,72.1
0,144.0,46.7,0.4,95.0,1.4,95.0,259.192958,4.03,0.686,13.9,72.6
0,142.0,46.1,0.5,9.0,1.4,9.0,1981.243653,4.22,0.677,13.4,72.4
0,154.0,45.4,0.5,98.0,1.4,93.0,1996.719689,4.59,0.674,13.5,71.4
0,211.0,25.4,0.1,6.0,1.0,79.0,2878.33837,3.755,0.679,11.7,68.5
0,214.0,24.8,0.1,67.0,1.0,77.0,2842.938353,4.52,0.676,11.7,68.4
0,219.0,24.3,0.1,89.0,1.0,84.0,276.289146,4.61,0.671,11.7,68.1
0,217.0,23.7,0.1,88.0,1.0,88.0,2581.818554,5.02,0.666,11.6,68.1
0,218.0,23.1,0.1,87.0,1.0,87.0,2352.518156,4.96,0.669,11.5,68.0
0,218.0,22.6,0.1,79.0,1.0,78.0,2129.499242,4.85,0.662,11.4,67.9
0,219.0,22.1,0.1,87.0,1.0,86.0,1825.341521,4.42,0.661,11.7,68.0
0,217.0,21.6,0.1,91.0,1.0,91.0,1919.466195,4.21,0.655,11.5,67.5
0,216.0,21.1,0.1,87.0,1.0,87.0,1672.685433,4.19,0.648,11.4,67.5
0,219.0,2.6,0.1,88.0,1.0,88.0,1391.772325,4.08,0.646,11.5,67.3
0,223.0,2.1,0.1,89.0,1.0,9.0,1194.697155,4.22,0.642,11.6,67.0
0,218.0,19.6,0.1,88.0,1.0,85.0,179.3715,4.45,0.636,11.6,67.3
0,217.0,19.2,0.1,84.0,1.0,85.0,11.553196,4.44,0.631,11.6,67.2
0,221.0,18.7,0.1,79.0,1.0,77.0,1.68135,4.42,0.625,11.4,66.8
0,221.0,18.3,0.1,79.0,1.0,76.0,957.287441,4.54,0.622,11.4,66.8
0,219.0,17.8,0.1,78.0,1.0,74.0,138.91977,4.73,0.618,11.4,66.8
1,117.0,61.7,0.1,98.0,1.9,92.0,12565.9876,3.755,0.852,16.4,77.5
1,12.0,61.1,0.1,98.0,1.9,94.0,14341.675,10.71,0.85,16.4,77.3
1,12.0,6.4,0.1,99.0,2.0,95.0,1378.54911,11.63,0.838,15.4,77.1
1,125.0,59.7,0.1,99.0,2.0,95.0,13145.1484,10.81,0.834,15.3,76.8
1,128.0,59.1,0.1,99.0,2.0,96.0,13893.18768,10.93,0.829,15.4,76.7
1,13.0,58.4,0.1,99.0,2.1,96.0,12599.52486,10.59,0.822,15.1,76.3
1,136.0,57.8,0.1,99.0,2.1,96.0,11527.59323,10.7,0.818,15.1,75.7
1,14.0,57.2,0.1,99.0,2.2,96.0,141.44688,11.4,0.813,15.0,75.5
1,144.0,56.6,0.1,99.0,2.2,99.0,1126.31852,10.9,0.808,15.0,75.3
1,144.0,56.0,0.1,99.0,2.3,99.0,94.7726,10.4,0.803,15.0,75.2
1,144.0,55.5,0.1,99.0,2.3,99.0,821.251569,9.5,0.797,14.8,75.0
1,143.0,55.0,0.1,99.0,2.4,99.0,6681.178818,9.19,0.8,15.5,74.9
1,142.0,54.5,0.1,99.0,2.4,98.0,5693.52416,9.06,0.796,15.3,74.7
1,145.0,54.0,0.1,99.0,2.5,98.0,5196.932921,8.02,0.79,15.0,74.5
1,149.0,53.6,0.1,98.0,2.5,98.0,4981.198619,7.74,0.784,14.7,74.2
1,153.0,53.1,0.1,98.0,2.5,98.0,4492.72764,8.4,0.777,14.6,73.7
1,76.0,61.6,0.1,98.0,0.7,98.0,1922.681,3.755,0.841,16.6,81.1
1,78.0,6.9,0.1,98.0,0.7,98.0,2277.53613,9.88,0.837,16.8,89.0
1,79.0,6.2,0.1,98.0,0.7,98.0,21618.73534,10.0,0.827,16.3,86.0
1,81.0,59.5,0.1,98.0,0.7,98.0,2577.4264,11.96,0.824,16.3,83.0
1,85.0,58.8,0.1,97.0,0.7,97.0,23196.18375,11.92,0.818,16.2,82.0
1,88.0,58.1,0.1,98.0,0.7,97.0,22538.6548,12.25,0.812,16.0,79.6
1,9.0,57.3,0.1,96.0,0.7,96.0,2363.97161,12.03,0.809,16.0,79.3
1,92.0,56.5,0.1,97.0,0.7,97.0,24815.6884,12.35,0.804,15.8,79.0
1,94.0,55.7,0.1,97.0,0.7,96.0,2278.5845,12.57,0.797,15.4,78.7
1,96.0,54.9,0.1,97.0,0.7,97.0,19821.44463,13.11,0.793,15.4,78.5
1,11.0,54.1,0.1,93.0,0.7,93.0,18784.9485,13.33,0.79,15.4,77.7
1,99.0,53.3,0.1,95.0,0.7,95.0,1845.5881,13.45,0.792,15.9,78.0
1,15.0,52.5,0.1,99.0,0.7,96.0,15772.7334,14.21,0.789,15.8,77.3
1,17.0,51.7,0.1,98.0,0.8,96.0,12882.28897,12.0,0.788,15.9,77.2
1,11.0,5.9,0.1,97.0,0.8,96.0,11729.14616,12.22,0.782,15.7,76.9
1,11.0,5.1,0.1,96.0,0.8,96.0,1152.39681,11.89,0.777,15.5,76.6
0,68.0,69.3,0.1,99.0,5.2,99.0,66346.52267,3.755,0.855,13.4,78.2
0,69.0,68.4,0.1,89.0,5.2,99.0,86852.7119,1.15,0.854,13.4,78.1
0,7.0,67.7,0.1,97.0,5.1,99.0,8834.87958,1.2,0.843,13.4,77.9
0,72.0,67.0,0.1,92.0,5.1,93.0,88564.82298,1.13,0.837,13.4,77.8
0,74.0,66.5,0.1,93.0,5.1,92.0,85948.746,1.16,0.827,12.4,77.5
0,76.0,66.0,0.1,97.0,5.0,98.0,736.22784,1.16,0.825,12.0,77.3
0,79.0,65.6,0.1,99.0,5.0,98.0,61478.23813,1.11,0.828,11.8,77.0
0,82.0,65.2,0.1,97.0,5.0,98.0,82967.37228,1.37,0.825,11.7,76.8
0,83.0,65.1,0.1,94.0,4.9,97.0,675.61258,1.24,0.83,12.6,76.7
0,83.0,65.0,0.1,96.0,4.9,95.0,6256.55926,1.28,0.835,13.7,76.6
0,84.0,65.1,0.1,97.0,4.8,98.0,51488.49529,1.18,0.83,13.7,76.6
0,84.0,65.0,0.1,96.0,4.8,95.0,41818.35256,1.11,0.826,13.5,76.6
0,85.0,64.7,0.1,92.0,4.8,93.0,34176.98183,1.0,0.815,12.8,76.5
0,85.0,64.1,0.1,96.0,4.8,96.0,2999.65492,0.87,0.807,12.2,76.4
0,87.0,63.3,0.1,93.0,4.8,93.0,2843.63635,0.76,0.809,12.6,76.3
0,88.0,62.4,0.1,8.0,4.8,91.0,29986.2915,0.5,0.808,13.0,76.2
0,64.0,31.7,0.1,98.0,1.5,98.0,1766.947595,3.755,0.677,12.3,82.3
0,66.0,31.2,0.1,99.0,1.5,99.0,1766.947595,0.01,0.677,12.3,82.0
0,68.0,3.8,0.1,99.0,1.5,99.0,1766.947595,9.33,0.677,12.3,81.7
0,69.0,3.4,0.1,99.0,1.5,99.0,1766.947595,9.56,0.677,12.3,81.2
0,72.0,3.0,0.1,99.0,1.5,98.0,1766.947595,9.34,0.677,12.3,81.1
0,74.0,29.5,0.1,94.0,1.5,95.0,1766.947595,9.23,0.677,12.3,87.0
0,75.0,29.1,0.1,94.0,1.5,95.0,1766.947595,8.97,0.677,12.3,86.0
0,75.0,28.6,0.1,94.0,1.5,92.0,1766.947595,9.31,0.677,12.3,83.0
0,77.0,28.2,0.1,91.0,1.5,91.0,1766.947595,9.05,0.677,12.3,79.8
0,79.0,27.7,0.1,98.0,1.5,98.0,1766.947595,8.83,0.677,12.3,79.4
0,84.0,27.2,0.1,96.0,1.6,96.0,1766.947595,9.03,0.677,12.3,78.7
0,89.0,26.7,0.1,88.0,1.6,9.0,1766.947595,9.18,0.677,12.3,78.2
0,95.0,26.2,0.1,97.0,1.6,94.0,1766.947595,9.66,0.677,12.3,77.6
0,99.0,25.7,0.1,97.0,1.6,99.0,1766.947595,9.55,0.677,12.3,77.1
0,17.0,25.2,0.1,97.0,1.6,99.0,1766.947595,11.45,0.677,12.3,76.7
0,116.0,24.7,0.1,97.0,1.6,99.0,1766.947595,10.33,0.677,12.3,76.0
0,157.0,53.4,0.1,87.0,2.7,88.0,1766.947595,3.755,0.677,12.3,72.1
0,162.0,52.7,0.1,9.0,2.7,92.0,1766.947595,9.99,0.677,12.3,71.8
0,163.0,52.1,0.1,9.0,2.7,92.0,1766.947595,10.49,0.677,12.3,71.7
0,175.0,51.5,0.1,92.0,2.7,92.0,1766.947595,10.68,0.677,12.3,79.0
0,177.0,5.9,0.1,93.0,2.8,96.0,1766.947595,9.45,0.677,12.3,77.0
0,219.0,5.4,0.1,9.0,2.8,97.0,1766.947595,8.25,0.677,12.3,68.8
0,218.0,49.9,0.1,85.0,2.9,87.0,1766.947595,8.45,0.677,12.3,69.0
0,228.0,49.5,0.1,9.0,2.9,96.0,1766.947595,9.07,0.677,12.3,68.9
0,237.0,49.1,0.1,92.0,3.0,93.0,1766.947595,9.66,0.677,12.3,68.3
0,242.0,48.7,0.1,97.0,3.1,98.0,1766.947595,8.36,0.677,12.3,68.0
0,248.0,48.3,0.1,98.0,3.1,99.0,1766.947595,10.78,0.677,12.3,67.3
0,225.0,47.9,0.1,98.0,3.2,98.0,1766.947595,12.27,0.677,12.3,68.0
0,226.0,47.6,0.1,98.0,3.3,98.0,1766.947595,8.15,0.677,12.3,67.6
0,225.0,47.2,0.1,97.0,3.4,98.0,1766.947595,6.71,0.677,12.3,67.5
0,228.0,46.8,0.1,97.0,3.5,98.0,1766.947595,10.98,0.677,12.3,67.6
0,235.0,46.5,0.1,95.0,3.6,97.0,1766.947595,9.89,0.677,12.3,67.1
1,133.0,6.7,0.1,89.0,2.5,89.0,8958.788593,3.755,0.798,14.7,75.0
1,135.0,59.9,0.1,94.0,2.6,94.0,12.27733,0.01,0.797,14.7,74.8
1,138.0,59.2,0.1,92.0,2.7,88.0,9585.266593,9.59,0.794,14.7,74.6
1,138.0,58.4,0.1,91.0,2.8,92.0,8558.39766,9.58,0.797,15.3,74.4
1,139.0,57.7,0.1,89.0,2.9,89.0,92.277825,9.1,0.798,15.7,74.3
1,153.0,56.9,0.1,94.0,3.0,94.0,8297.483621,9.0,0.797,15.8,73.4
1,158.0,56.3,0.1,95.0,3.0,95.0,822.18329,10.4,0.795,15.4,73.1
1,159.0,55.6,0.1,96.0,3.1,95.0,1136.47356,11.9,0.78,14.7,73.1
1,154.0,55.0,0.1,96.0,3.2,96.0,8214.185378,10.6,0.766,14.1,72.9
1,157.0,54.4,0.1,97.0,3.2,97.0,5828.745662,8.51,0.755,13.7,72.5
1,162.0,53.9,0.1,97.0,3.3,97.0,4676.315183,7.68,0.745,13.4,71.9
1,165.0,53.4,0.1,97.0,3.4,97.0,3552.92452,9.82,0.733,12.9,71.7
1,174.0,52.9,0.1,97.0,3.5,97.0,2774.95586,8.78,0.722,12.5,71.1
1,178.0,52.4,0.1,98.0,3.7,98.0,2124.873613,9.62,0.714,12.0,77.0
1,179.0,51.9,0.1,99.0,3.8,99.0,1839.72945,9.78,0.708,11.7,78.0
1,175.0,51.4,0.1,99.0,4.0,99.0,1668.162731,10.16,0.703,11.5,77.0
0,222.0,6.5,0.1,97.0,2.3,97.0,9329.298351,3.755,0.805,15.0,75.0
0,225.0,59.9,0.1,97.0,2.3,97.0,14125.961,10.12,0.803,14.9,73.0
0,229.0,59.3,0.2,97.0,2.3,98.0,15543.67653,10.58,0.799,14.6,70.0
0,237.0,58.7,0.3,97.0,2.3,98.0,15154.45687,10.99,0.792,14.3,69.6
0,242.0,58.1,0.3,97.0,2.3,97.0,14212.687,11.04,0.785,14.0,69.4
0,256.0,57.5,0.2,97.0,2.3,98.0,1674.98771,11.05,0.773,13.7,68.4
0,261.0,57.0,0.3,98.0,2.3,98.0,8562.89598,11.21,0.776,14.0,68.2
0,278.0,56.6,0.3,98.0,2.3,98.0,11635.2637,12.04,0.769,13.9,67.5
0,282.0,56.1,0.3,98.0,2.4,98.0,911.25385,12.19,0.761,13.8,67.3
0,3.0,55.7,0.3,98.0,2.4,98.0,692.194398,11.79,0.754,13.8,66.4
0,327.0,55.3,0.3,98.0,2.4,98.0,5323.473877,11.57,0.748,13.7,65.0
0,321.0,55.0,0.3,97.0,2.5,98.0,412.372294,11.5,0.741,13.6,64.9
0,322.0,54.7,0.4,96.0,2.6,97.0,2975.132778,11.32,0.733,13.2,64.6
0,313.0,54.5,0.3,97.0,2.7,97.0,2375.5944,10.87,0.727,12.8,64.8
0,38.0,54.2,0.3,96.0,2.8,97.0,21.362386,10.47,0.72,12.5,65.1
0,37.0,54.0,0.2,96.0,2.9,97.0,1771.58662,10.18,0.709,12.1,65.0
0,227.0,21.4,0.4,98.0,5.7,99.0,71.348397,3.755,0.493,10.8,66.1
0,23.0,2.8,0.4,98.0,5.8,98.0,76.5699517,0.01,0.488,10.8,65.7
0,233.0,2.1,0.5,98.0,5.9,98.0,688.8768557,0.01,0.485,10.8,65.2
0,239.0,19.5,0.7,98.0,6.1,98.0,678.796973,0.01,0.475,10.5,64.6
0,247.0,18.9,1.3,97.0,6.3,93.0,617.317648,8.34,0.464,10.2,63.8
0,26.0,18.3,2.3,97.0,6.5,93.0,563.491487,7.92,0.454,10.0,62.8
0,288.0,17.7,2.8,97.0,6.6,93.0,539.1538211,7.11,0.447,10.2,61.0
0,282.0,17.1,3.7,97.0,6.7,97.0,5.6687264,6.39,0.438,10.4,68.0
0,295.0,16.5,5.0,97.0,6.8,98.0,44.853339,6.78,0.424,10.1,59.6
0,328.0,15.9,6.2,99.0,6.8,99.0,342.3656294,6.88,0.404,9.3,57.6
0,37.0,15.4,7.1,95.0,6.8,95.0,287.931877,7.01,0.388,8.8,55.3
0,397.0,14.9,7.7,89.0,6.9,89.0,236.9114381,6.75,0.371,8.2,53.4
0,48.0,14.5,8.1,96.0,7.0,96.0,212.6619491,6.66,0.359,7.6,52.0
0,415.0,14.1,8.0,88.0,7.2,85.0,196.59778,7.82,0.343,7.2,57.0
0,438.0,13.7,8.1,77.0,7.4,76.0,21.569654,5.72,0.332,7.1,48.6
0,426.0,13.2,8.5,9.0,7.6,9.0,216.172747,7.13,0.318,6.6,48.3
0,144.0,5.2,0.1,96.0,3.7,96.0,1766.947595,8.54,0.749,13.4,72.1
0,138.0,47.5,0.1,99.0,4.3,99.0,1766.947595,3.755,0.735,13.1,75.2
0,139.0,46.7,0.1,99.0,4.3,99.0,1766.947595,9.97,0.723,13.1,75.0
0,141.0,45.9,0.1,99.0,4.3,99.0,1766.947595,9.73,0.734,13.1,74.8
0,142.0,45.2,0.1,98.0,4.3,98.0,1766.947595,9.99,0.735,13.0,74.7
0,143.0,44.5,0.1,99.0,4.3,99.0,1766.947595,10.43,0.733,12.9,74.6
0,147.0,43.8,0.1,97.0,4.3,97.0,1766.947595,10.87,0.724,12.8,74.2
0,147.0,43.0,0.1,95.0,4.3,95.0,1766.947595,11.09,0.717,12.7,74.3
0,149.0,42.2,0.1,96.0,4.3,96.0,1766.947595,12.09,0.71,12.6,74.1
0,151.0,41.3,0.1,99.0,4.3,99.0,1766.947595,12.68,0.707,12.8,73.9
0,155.0,4.4,0.1,85.0,4.3,85.0,1766.947595,13.45,0.694,12.4,73.5
0,16.0,39.6,0.2,95.0,4.4,95.0,1766.947595,12.32,0.689,12.2,73.1
0,166.0,39.0,0.2,91.0,4.4,91.0,1766.947595,11.93,0.686,12.3,72.6
0,171.0,38.4,0.2,9.0,4.4,91.0,1766.947595,12.55,0.684,12.4,72.2
0,174.0,37.9,0.1,74.0,4.4,9.0,1766.947595,11.85,0.681,12.5,72.0
0,178.0,37.3,0.3,99.0,4.5,99.0,1766.947595,12.03,0.684,12.6,71.8
0,183.0,36.8,0.4,7.0,4.5,7.0,1766.947595,11.69,0.0,12.8,71.6
0,156.0,54.1,0.1,98.0,3.5,97.0,1766.947595,3.755,0.72,13.3,73.2
0,157.0,53.1,0.1,98.0,3.5,97.0,1766.947595,7.01,0.72,13.3,73.1
0,161.0,52.2,0.1,97.0,3.5,97.0,1766.947595,7.07,0.717,13.3,72.7
0,159.0,51.2,0.1,96.0,3.5,96.0,1766.947595,6.93,0.713,13.3,72.8
0,16.0,5.3,0.1,96.0,3.5,96.0,1766.947595,7.02,0.712,13.3,72.7
0,162.0,49.3,0.1,99.0,3.5,99.0,1766.947595,7.0,0.711,13.3,72.5
0,165.0,48.4,0.2,99.0,3.6,99.0,1766.947595,6.85,0.709,13.3,72.3
0,167.0,47.5,0.3,99.0,3.6,99.0,1766.947595,6.92,0.704,13.3,72.1
0,17.0,46.6,0.3,99.0,3.6,99.0,1766.947595,5.89,0.702,13.3,71.9
0,173.0,45.7,0.3,99.0,3.7,99.0,1766.947595,5.93,0.695,13.3,71.7
0,177.0,44.7,0.2,99.0,3.7,93.0,1766.947595,6.04,0.692,13.3,71.4
0,181.0,43.8,0.4,99.0,3.8,99.0,1766.947595,5.42,0.689,13.2,71.2
0,184.0,42.9,0.4,99.0,3.8,99.0,1766.947595,5.1,0.682,13.0,71.0
0,186.0,42.0,0.4,99.0,3.9,99.0,1766.947595,4.94,0.677,12.9,79.0
0,186.0,41.0,0.7,99.0,3.9,99.0,1766.947595,4.73,0.673,12.8,79.0
0,186.0,4.1,0.7,98.0,4.0,99.0,1766.947595,4.8,0.0,12.7,79.0
0,125.0,74.7,0.1,66.0,0.2,61.0,4149.363444,3.755,0.702,12.9,74.0
0,128.0,74.3,0.1,63.0,0.2,58.0,4178.973369,0.01,0.701,12.9,73.8
0,131.0,73.8,0.1,67.0,0.2,62.0,4219.65123,0.01,0.7,12.9,73.6
0,136.0,73.4,0.1,64.0,0.2,62.0,4234.554443,0.01,0.698,12.9,73.2
0,139.0,72.9,0.1,65.0,0.2,6.0,3942.9827,2.15,0.693,12.9,73.0
0,144.0,72.5,0.1,62.0,0.2,57.0,3453.487434,3.01,0.69,12.9,72.6
0,172.0,72.0,0.1,49.0,0.2,45.0,335.112838,2.88,0.691,12.9,76.0
0,146.0,71.4,0.1,26.0,0.2,54.0,359.82223,3.97,0.688,12.9,72.5
0,149.0,7.9,0.1,53.0,0.2,49.0,322.543121,3.85,0.682,12.9,72.2
0,153.0,7.3,0.1,39.0,0.2,37.0,287.963899,3.52,0.677,12.7,72.0
0,16.0,69.7,0.1,49.0,0.2,55.0,2571.262348,3.63,0.671,12.6,71.6
0,162.0,68.9,0.1,55.0,0.2,26.0,2351.33814,3.62,0.665,12.4,71.4
0,169.0,68.2,0.1,83.0,0.2,82.0,197.29417,4.17,0.659,12.3,79.0
0,174.0,67.4,0.1,86.0,0.2,85.0,1631.41727,3.3,0.653,12.1,76.0
0,175.0,66.5,0.1,85.0,0.2,83.0,1555.47451,3.43,0.645,12.0,75.0
0,18.0,65.6,0.1,95.0,0.2,94.0,154.68923,3.0,0.64,12.1,72.0
0,144.0,43.5,0.1,69.0,3.3,69.0,1766.947595,0.01,0.677,15.1,72.1
0,19.0,3.9,0.2,96.0,5.5,96.0,1624.63963,3.755,0.565,11.2,67.5
0,191.0,3.1,0.2,95.0,5.6,95.0,1821.878734,0.01,0.562,11.1,67.3
0,192.0,29.3,0.2,97.0,5.7,97.0,1619.532678,0.01,0.559,11.0,67.1
0,194.0,28.5,0.5,96.0,5.9,96.0,138.949959,0.01,0.553,10.8,66.9
0,198.0,27.7,0.5,96.0,6.0,96.0,134.326189,5.69,0.546,10.6,66.6
0,24.0,26.9,0.5,98.0,6.1,98.0,1129.754961,5.58,0.542,10.6,66.2
0,21.0,26.2,0.9,98.0,6.3,99.0,199.57146,4.13,0.533,10.1,65.8
0,215.0,25.4,0.9,99.0,6.5,99.0,1126.46212,4.36,0.531,10.4,65.4
0,217.0,24.7,1.2,97.0,6.7,98.0,894.927988,4.14,0.527,10.3,65.1
0,22.0,24.0,1.2,97.0,6.9,97.0,843.89447,5.46,0.521,10.2,64.7
0,222.0,23.4,1.6,97.0,7.0,97.0,81.86157,5.27,0.514,10.0,64.3
0,224.0,22.8,1.6,96.0,7.2,99.0,693.345683,5.78,0.509,9.8,63.8
0,225.0,22.2,1.6,94.0,7.4,94.0,649.342153,6.54,0.504,9.7,63.4
0,226.0,21.7,1.4,92.0,7.6,92.0,555.8185378,5.8,0.501,9.6,63.1
0,225.0,21.1,1.5,92.0,7.8,9.0,51.216381,5.02,0.497,9.4,62.8
0,224.0,2.7,1.5,82.0,8.0,87.0,1766.947595,5.07,0.488,9.3,62.6
0,88.0,68.2,0.1,98.0,7.8,97.0,2732.86172,3.755,0.845,16.1,74.5
0,88.0,67.3,0.1,98.0,7.7,98.0,24575.434,0.09,0.841,15.8,74.4
0,89.0,66.4,0.1,98.0,7.6,98.0,24934.38614,0.09,0.83,15.2,74.3
0,9.0,65.6,0.1,98.0,7.5,98.0,2533.9462,0.09,0.818,14.5,74.1
0,92.0,64.7,0.1,98.0,7.4,98.0,2377.74739,0.09,0.804,13.9,73.9
0,94.0,63.9,0.1,98.0,7.3,98.0,19259.58726,0.09,0.792,13.3,73.7
0,97.0,63.1,0.1,98.0,7.3,98.0,1694.2931,0.09,0.787,13.0,73.4
0,98.0,62.4,0.1,98.0,7.2,98.0,237.83234,0.09,0.779,12.8,73.3
0,99.0,61.6,0.1,96.0,7.2,96.0,16472.1665,0.1,0.773,12.7,73.2
0,1.0,6.9,0.1,96.0,7.2,96.0,15334.66994,0.08,0.767,12.5,73.2
0,11.0,6.2,0.1,96.0,7.2,96.0,13739.82945,0.05,0.761,12.4,73.1
0,12.0,59.4,0.1,96.0,7.2,96.0,11138.8746,0.06,0.754,12.3,73.1
0,13.0,58.5,0.1,95.0,7.2,95.0,9567.458285,0.05,0.747,12.2,73.0
0,15.0,57.7,0.1,95.0,7.3,95.0,8655.311531,0.05,0.745,12.1,72.9
0,17.0,56.9,0.1,97.0,7.3,97.0,8643.4944,0.05,0.742,12.0,72.8
0,11.0,56.2,0.1,95.0,7.3,95.0,9126.954277,0.05,0.737,11.8,72.6
0,188.0,24.3,0.3,89.0,9.5,85.0,98.7256145,3.755,0.491,9.5,66.7
0,192.0,23.8,0.3,89.0,9.7,85.0,152.443873,0.26,0.483,9.1,66.4
0,196.0,23.2,0.3,92.0,9.9,89.0,148.912351,0.26,0.474,8.7,66.0
0,2.0,22.7,0.4,91.0,1.0,83.0,136.4518,0.28,0.463,8.3,65.6
0,26.0,22.2,0.4,92.0,1.2,89.0,18.25321,0.32,0.455,7.9,64.9
0,212.0,21.7,0.4,89.0,1.4,76.0,11.631377,0.28,0.449,7.7,64.3
0,219.0,21.2,0.5,86.0,1.6,83.0,12.566464,0.3,0.444,7.5,63.5
0,225.0,2.8,0.6,88.0,1.8,87.0,11.33678,0.28,0.435,7.1,62.8
0,23.0,2.3,0.7,94.0,11.0,93.0,95.3978522,0.32,0.425,6.8,62.1
0,236.0,19.9,0.7,89.0,11.2,89.0,89.838296,0.34,0.422,6.6,61.3
0,242.0,19.5,0.7,84.0,11.4,84.0,773.8698713,0.33,0.415,6.4,65.0
0,247.0,19.1,0.7,87.0,11.6,87.0,733.581811,0.35,0.408,6.2,59.7
0,251.0,18.7,0.7,73.0,11.8,73.0,642.7663113,0.33,0.401,5.9,59.0
0,252.0,18.3,0.7,6.0,12.0,6.0,513.26227,0.36,0.397,5.7,58.4
0,251.0,17.9,0.6,52.0,12.1,49.0,481.287397,0.34,0.381,5.4,57.9
0,25.0,17.5,0.5,52.0,12.3,49.0,473.45338,0.29,0.378,5.2,57.5
0,121.0,6.0,0.1,95.0,2.0,95.0,5237.255334,3.755,0.775,14.4,75.6
0,123.0,59.4,0.1,93.0,2.1,93.0,62.173221,9.09,0.771,14.3,75.4
0,122.0,58.9,0.1,95.0,2.1,97.0,6353.826383,9.16,0.766,14.1,75.3
0,126.0,58.3,0.1,91.0,2.1,93.0,5659.3824,9.38,0.767,14.0,74.9
0,127.0,57.7,0.1,94.0,2.2,94.0,6423.291783,9.56,0.757,13.5,74.6
0,128.0,57.0,0.1,91.0,2.2,91.0,5411.87744,9.65,0.755,13.6,74.4
0,131.0,56.4,0.1,95.0,2.3,97.0,5821.35397,9.85,0.754,13.6,74.1
0,132.0,55.8,0.1,95.0,2.3,95.0,671.773913,9.54,0.749,13.5,74.0
0,132.0,55.1,0.1,94.0,2.4,93.0,5458.121718,9.3,0.743,13.5,73.8
0,133.0,54.5,0.1,92.0,2.5,97.0,4129.758741,8.58,0.739,13.4,73.6
0,135.0,53.9,0.1,98.0,2.5,98.0,3528.1318,9.6,0.73,13.2,73.0
0,134.0,53.3,0.1,88.0,2.6,96.0,3331.228766,7.42,0.72,13.1,73.0
0,134.0,52.8,0.1,89.0,2.7,89.0,2832.49652,7.25,0.715,13.0,73.0
0,133.0,52.2,0.1,95.0,2.7,95.0,2149.9944,6.95,0.715,13.2,72.9
0,135.0,51.7,0.1,93.0,2.8,93.0,1634.87561,7.53,0.709,13.1,73.1
0,141.0,51.2,0.1,95.0,2.8,98.0,87.1365252,7.38,0.702,13.0,72.6
0,168.0,37.4,0.1,97.0,5.7,97.0,1539.464,3.755,0.781,14.1,73.2
0,17.0,36.2,0.1,99.0,5.7,99.0,1557.77892,0.01,0.766,13.2,73.0
0,172.0,35.5,0.1,98.0,5.7,98.0,15687.34795,0.01,0.762,13.5,72.9
0,174.0,34.8,0.1,98.0,5.7,98.0,12845.17363,0.01,0.755,13.5,72.7
0,177.0,34.2,0.1,99.0,5.7,99.0,12189.9516,9.72,0.744,13.3,72.6
0,18.0,33.5,0.1,99.0,5.8,99.0,184.68447,6.51,0.74,13.2,72.4
0,182.0,32.4,0.1,99.0,5.8,99.0,976.9566,4.94,0.739,13.2,72.3
0,184.0,31.8,0.1,99.0,5.9,99.0,11122.8627,6.33,0.739,13.2,72.2
0,185.0,31.2,0.1,99.0,5.9,99.0,12154.82994,8.12,0.733,13.1,72.2
0,185.0,3.7,0.1,99.0,5.9,99.0,1214.39987,8.12,0.728,13.1,72.2
0,185.0,3.1,0.1,99.0,6.0,99.0,1192.5174,7.82,0.712,12.1,72.2
0,186.0,29.2,0.1,99.0,6.0,99.0,1176.65871,7.91,0.715,12.3,72.1
0,185.0,28.7,0.1,99.0,6.1,99.0,8524.961236,7.41,0.713,12.1,72.1
0,186.0,28.1,0.1,99.0,6.1,99.0,8331.261997,11.15,0.712,12.1,72.1
0,187.0,27.6,0.1,96.0,6.2,96.0,7663.1378,6.72,0.714,12.2,72.0
0,188.0,27.1,0.1,98.0,6.3,98.0,7578.85153,8.24,0.0,12.3,71.8
0,413.0,24.4,0.5,86.0,7.4,86.0,587.538233,3.755,0.431,9.5,51.0
0,463.0,23.8,0.6,83.0,7.5,83.0,78.4394757,0.01,0.426,9.5,48.1
0,47.0,23.3,0.8,92.0,7.7,92.0,71.8186998,0.01,0.413,9.3,54.0
0,411.0,22.7,0.9,91.0,7.9,91.0,561.8984239,0.01,0.401,9.1,49.7
0,418.0,22.2,1.3,89.0,8.1,88.0,445.525,3.78,0.392,8.9,48.9
0,424.0,21.7,1.6,86.0,8.3,84.0,45.128418,3.84,0.384,8.7,48.1
0,433.0,21.2,1.7,84.0,8.5,81.0,394.5932439,3.97,0.375,8.5,47.1
0,441.0,2.7,1.9,77.0,8.7,75.0,46.3759178,3.91,0.367,8.3,46.2
0,45.0,2.2,2.2,64.0,8.9,63.0,358.8274716,3.86,0.357,8.2,45.3
0,464.0,19.7,2.2,64.0,9.1,65.0,322.313468,3.8,0.348,8.0,44.3
0,48.0,19.2,2.2,65.0,9.3,67.0,287.6891942,3.83,0.341,7.8,43.3
0,496.0,18.8,2.1,65.0,9.5,69.0,263.145817,3.99,0.332,7.6,42.3
0,57.0,18.4,1.9,73.0,9.7,66.0,263.7618312,4.07,0.322,7.4,41.5
0,513.0,17.9,1.7,53.0,9.9,54.0,249.939542,4.06,0.306,7.2,48.0
0,519.0,17.5,1.5,38.0,1.1,38.0,227.779471,4.21,0.302,7.0,41.0
0,533.0,17.2,1.2,44.0,1.3,46.0,139.3147734,3.97,0.292,6.7,39.0
1,55.0,33.2,0.1,96.0,2.2,96.0,53629.73746,1.79,0.924,15.4,83.1
1,56.0,32.9,0.1,96.0,2.2,96.0,56336.7234,1.83,0.922,15.4,82.9
1,57.0,32.7,0.1,97.0,2.2,97.0,5629.18914,1.83,0.92,15.4,82.7
1,59.0,32.4,0.1,97.0,2.2,97.0,54431.16199,1.89,0.917,15.4,82.5
1,6.0,32.1,0.1,96.0,2.1,96.0,53166.67581,1.8,0.911,15.2,82.2
1,61.0,31.8,0.1,96.0,2.1,96.0,46569.67951,1.84,0.889,14.5,82.0
1,62.0,31.5,0.1,97.0,2.1,97.0,38577.55822,1.73,0.887,14.4,81.7
1,64.0,31.2,0.1,97.0,2.1,97.0,39721.4818,1.7,0.88,14.2,81.4
1,65.0,3.9,0.1,97.0,2.1,97.0,39223.58187,1.6,0.873,14.1,81.1
1,66.0,3.5,0.1,95.0,2.1,95.0,33579.85948,1.55,0.839,13.9,87.0
1,69.0,3.2,0.1,96.0,2.1,96.0,29869.85398,1.49,0.821,12.6,82.0
1,71.0,29.9,0.1,95.0,2.1,95.0,2745.27136,1.45,0.82,12.7,79.7
1,73.0,29.6,0.1,96.0,2.1,96.0,23573.6284,1.43,0.819,12.7,79.3
1,74.0,29.2,0.1,94.0,2.1,94.0,2216.83279,2.16,0.818,12.6,79.0
1,76.0,28.9,0.1,96.0,2.1,95.0,21577.7823,2.08,0.82,12.7,78.7
1,78.0,28.5,0.1,98.0,2.1,98.0,23792.677,2.03,0.81,12.5,78.3
1,19.0,59.1,0.1,96.0,1.2,96.0,1766.947595,3.755,0.842,15.0,76.7
1,113.0,58.4,0.1,97.0,1.2,97.0,1766.947595,10.6,0.841,15.1,76.4
1,114.0,57.8,0.1,98.0,1.2,98.0,1766.947595,9.89,0.838,15.0,76.1
1,118.0,57.2,0.1,99.0,1.2,99.0,1766.947595,10.12,0.835,15.0,75.8
1,122.0,56.5,0.1,99.0,1.2,99.0,1766.947595,10.24,0.829,15.0,75.6
1,124.0,55.9,0.1,99.0,1.3,99.0,1766.947595,10.13,0.822,15.0,75.1
1,131.0,55.3,0.1,99.0,1.3,99.0,1766.947595,10.63,0.82,14.9,75.0
1,136.0,54.8,0.1,99.0,1.3,99.0,1766.947595,11.37,0.813,14.8,74.7
1,14.0,54.2,0.1,99.0,1.3,99.0,1766.947595,10.58,0.802,14.5,74.4
1,138.0,53.7,0.1,99.0,1.4,99.0,1766.947595,10.28,0.793,14.3,74.3
1,141.0,53.1,0.1,99.0,1.4,99.0,1766.947595,10.81,0.784,14.0,74.0
1,138.0,52.6,0.1,99.0,1.4,99.0,1766.947595,10.03,0.776,13.8,74.1
1,144.0,52.1,0.1,99.0,1.5,98.0,1766.947595,9.85,0.771,13.6,73.8
1,145.0,51.6,0.1,99.0,1.5,98.0,1766.947595,10.78,0.763,13.3,73.7
1,145.0,51.1,0.1,99.0,1.5,99.0,1766.947595,10.73,0.763,13.3,73.3
1,147.0,5.7,0.1,99.0,1.6,98.0,1766.947595,11.06,0.761,13.0,73.0
1,74.0,6.1,0.1,95.0,1.4,95.0,2729.86383,3.755,0.888,17.3,88.0
1,76.0,59.5,0.1,95.0,1.4,95.0,242.67286,10.46,0.888,17.6,87.0
1,78.0,58.9,0.1,95.0,1.4,95.0,2315.31799,9.53,0.878,16.8,85.0
1,81.0,58.2,0.1,96.0,1.5,96.0,22486.47167,10.95,0.877,16.8,82.0
1,84.0,57.6,0.1,96.0,1.6,96.0,24985.24827,10.61,0.876,17.0,79.8
1,87.0,57.0,0.1,96.0,1.6,96.0,23437.4722,10.32,0.872,16.9,79.5
1,9.0,56.4,0.1,96.0,1.7,96.0,24633.79785,10.52,0.873,16.9,79.1
1,96.0,55.8,0.1,97.0,1.7,97.0,2751.8127,10.94,0.869,16.9,78.9
1,12.0,55.2,0.1,97.0,1.8,97.0,23841.31792,11.02,0.865,16.8,78.3
1,17.0,54.7,0.1,97.0,1.8,97.0,19726.1265,12.26,0.858,16.7,78.1
1,14.0,54.1,0.1,95.0,1.9,95.0,18169.1891,11.14,0.853,16.3,77.5
1,113.0,53.5,0.1,94.0,2.0,94.0,1726.9151,10.0,0.85,16.6,77.2
1,119.0,52.9,0.1,95.0,2.0,95.0,1488.47154,11.58,0.843,16.1,76.5
1,117.0,52.3,0.1,93.0,2.1,93.0,11814.9994,9.29,0.835,15.6,76.6
1,124.0,51.8,0.1,92.0,2.2,93.0,1479.29634,10.8,0.824,14.7,76.2
1,122.0,51.2,0.1,91.0,2.2,93.0,1227.73677,11.9,0.818,14.6,76.0
0,177.0,5.5,0.1,98.0,1.1,99.0,1922.41388,3.755,0.514,9.6,69.2
0,183.0,49.7,0.1,88.0,1.1,94.0,29.652622,0.01,0.512,9.6,68.8
0,182.0,48.9,0.1,94.0,1.1,99.0,188.5159,0.01,0.509,9.5,68.8
0,184.0,48.1,0.1,99.0,1.2,99.0,1858.689868,0.01,0.505,9.4,68.7
0,186.0,47.2,0.1,99.0,1.2,99.0,1642.837974,0.99,0.497,9.4,68.5
0,188.0,46.4,0.1,9.0,1.2,94.0,1272.44825,1.1,0.492,9.3,68.3
0,192.0,45.5,0.1,92.0,1.2,98.0,1158.282672,1.21,0.494,9.3,68.1
0,193.0,44.7,0.1,89.0,1.2,94.0,125.79167,1.09,0.489,9.2,68.0
0,2.0,43.8,0.1,9.0,1.2,93.0,146.931125,0.85,0.482,9.0,67.6
0,2.0,43.0,0.1,99.0,1.3,99.0,948.6592511,0.99,0.47,8.4,67.6
0,24.0,42.1,0.1,89.0,1.3,9.0,88.874858,0.9,0.465,8.3,67.4
0,29.0,41.3,0.1,9.0,1.3,89.0,818.442619,1.18,0.459,8.1,67.1
0,215.0,4.4,0.1,84.0,1.3,84.0,744.7657423,1.18,0.453,8.0,66.8
0,22.0,39.6,0.1,78.0,1.4,78.0,784.9562874,1.08,0.446,7.3,66.5
0,227.0,38.7,0.1,84.0,1.4,88.0,944.81684,0.7,0.442,6.6,66.2
0,235.0,37.9,0.1,86.0,1.4,88.0,154.518572,0.71,0.455,7.2,65.8
0,312.0,24.3,0.7,42.0,6.6,47.0,426.98537,3.755,0.677,12.3,55.0
0,321.0,23.8,0.8,42.0,6.7,47.0,417.89143,0.01,0.677,12.3,54.3
0,318.0,23.3,0.8,42.0,6.8,47.0,47.5432354,0.01,0.677,12.3,54.2
0,336.0,22.9,0.8,42.0,6.8,47.0,1766.947595,0.01,0.677,12.3,53.1
0,329.0,22.4,0.8,41.0,6.9,49.0,1766.947595,0.01,0.677,12.3,53.1
0,336.0,22.0,0.8,45.0,7.0,49.0,1766.947595,0.01,0.677,12.3,52.4
0,335.0,21.5,0.8,42.0,7.1,41.0,1766.947595,0.01,0.677,12.3,52.2
0,336.0,21.1,0.9,31.0,7.2,4.0,1766.947595,0.01,0.677,12.3,51.9
0,34.0,2.7,0.9,4.0,7.3,4.0,1766.947595,0.01,0.677,12.3,51.5
0,337.0,2.2,0.9,26.0,7.4,26.0,1766.947595,0.01,0.677,12.3,51.5
0,334.0,19.8,0.9,35.0,7.5,35.0,1766.947595,0.01,0.677,12.3,51.6
0,341.0,19.4,0.9,3.0,7.6,3.0,1766.947595,0.01,0.677,12.3,51.2
0,344.0,19.0,0.9,4.0,7.7,4.0,1766.947595,0.01,0.677,12.3,51.1
0,348.0,18.6,0.9,4.0,7.8,4.0,1766.947595,0.01,0.677,12.3,58.0
0,352.0,18.2,0.8,33.0,7.9,33.0,1766.947595,0.01,0.677,12.3,57.0
0,355.0,17.8,0.8,33.0,8.0,37.0,1766.947595,0.01,0.677,12.3,55.0
0,328.0,51.1,3.6,75.0,4.4,75.0,5769.77258,3.755,0.665,13.0,62.9
0,347.0,5.3,3.7,77.0,4.9,77.0,6479.625659,7.38,0.66,13.0,62.0
0,371.0,49.5,4.5,73.0,5.4,73.0,6876.953821,7.34,0.652,12.8,69.0
0,48.0,48.7,7.6,65.0,6.0,65.0,7548.163698,7.38,0.644,12.8,59.2
0,413.0,47.9,8.5,69.0,6.6,69.0,849.954224,7.38,0.638,12.8,58.9
0,428.0,47.2,11.0,72.0,7.3,72.0,7362.76139,7.28,0.63,12.8,58.0
0,449.0,46.4,19.0,76.0,8.1,75.0,5888.6284,7.6,0.622,12.8,56.5
0,473.0,45.7,23.5,79.0,8.9,77.0,5786.59972,8.19,0.616,12.9,55.3
0,486.0,45.0,26.4,82.0,9.7,79.0,6125.39984,8.48,0.612,12.9,54.5
0,496.0,44.3,28.1,82.0,1.6,79.0,5631.73485,8.5,0.609,12.9,54.0
0,498.0,43.6,29.5,79.0,11.6,75.0,5414.634326,8.69,0.609,12.9,53.8
0,497.0,42.9,29.7,74.0,12.6,73.0,4863.51688,6.96,0.611,12.9,53.7
0,485.0,42.2,28.9,69.0,13.5,7.0,3775.68275,6.93,0.613,12.9,54.0
0,459.0,41.6,26.6,7.0,14.5,7.0,2518.398261,7.04,0.62,12.9,54.9
0,429.0,4.9,24.0,71.0,15.4,71.0,2681.781,7.38,0.629,13.0,56.0
0,397.0,4.1,21.3,73.0,16.3,71.0,337.2253,7.3,0.635,13.0,57.3
0,332.0,43.5,3.4,31.0,3.3,41.0,758.725782,3.755,0.421,4.9,57.3
0,343.0,43.5,3.5,39.0,3.3,44.0,1151.861715,3.755,0.421,4.9,56.6
0,345.0,43.5,3.6,45.0,3.3,5.0,1186.11325,3.755,0.417,4.9,56.4
0,347.0,43.5,3.8,59.0,3.3,64.0,958.45581,3.755,0.419,4.9,56.0
0,355.0,43.5,3.9,61.0,3.3,66.0,176.9713,3.755,0.429,4.9,55.4
0,359.0,43.5,4.0,93.0,3.3,93.0,1562.239346,3.755,0.0,0.0,55.0
0,369.0,43.5,4.2,93.0,3.3,93.0,1264.78998,3.755,0.0,0.0,54.3
0,377.0,43.5,4.2,93.0,3.3,93.0,1678.711862,3.755,0.0,0.0,53.6
0,381.0,43.5,4.2,93.0,3.3,93.0,1766.947595,3.755,0.0,0.0,53.1
0,383.0,43.5,4.1,93.0,3.3,93.0,1766.947595,3.755,0.0,0.0,52.5
0,383.0,43.5,3.9,93.0,3.3,93.0,1766.947595,3.755,0.0,0.0,51.9
0,383.0,43.5,3.8,93.0,3.3,93.0,1766.947595,3.755,0.0,0.0,51.4
0,383.0,43.5,3.5,93.0,3.3,93.0,1766.947595,3.755,0.0,0.0,58.0
0,382.0,43.5,3.3,93.0,3.3,93.0,1766.947595,3.755,0.0,0.0,52.0
0,381.0,43.5,3.0,93.0,3.3,93.0,1766.947595,3.755,0.0,0.0,49.6
0,38.0,43.5,2.7,93.0,3.3,93.0,1766.947595,3.755,0.0,0.0,48.9
1,56.0,66.6,0.1,97.0,0.6,97.0,25683.84565,3.755,0.882,17.7,82.8
1,58.0,66.0,0.1,97.0,0.6,97.0,296.47225,0.01,0.877,17.6,82.6
1,6.0,65.4,0.1,96.0,0.6,96.0,2921.9342,9.25,0.874,17.5,82.4
1,61.0,64.8,0.1,97.0,0.6,97.0,28562.29324,9.35,0.871,17.2,82.0
1,63.0,64.1,0.1,97.0,0.6,97.0,31834.21816,9.62,0.867,16.9,82.1
1,64.0,63.5,0.1,97.0,0.6,97.0,3736.228,9.78,0.86,16.4,81.9
1,66.0,62.9,0.1,96.0,0.6,96.0,32333.4661,9.99,0.858,16.3,81.6
1,7.0,62.3,0.1,97.0,0.6,97.0,35578.73619,10.24,0.854,16.1,81.3
1,72.0,61.7,0.1,96.0,0.6,96.0,3279.414,11.05,0.849,16.0,89.0
1,73.0,61.1,0.1,98.0,0.6,98.0,28482.6948,11.86,0.844,15.9,88.0
1,77.0,6.5,0.1,96.0,0.6,96.0,2651.71745,11.92,0.837,15.8,81.0
1,79.0,59.9,0.1,97.0,0.6,97.0,24918.64584,11.96,0.833,15.6,81.0
1,83.0,59.3,0.1,98.0,0.6,99.0,21495.7741,12.09,0.83,15.6,79.4
1,83.0,58.8,0.1,98.0,0.6,98.0,1719.53541,12.26,0.828,15.7,79.5
1,84.0,58.2,0.1,96.0,0.6,95.0,15323.6114,9.86,0.825,15.7,79.4
1,86.0,57.6,0.1,95.0,0.6,95.0,14676.769,11.12,0.82,15.7,79.1
0,138.0,23.4,0.1,99.0,15.1,99.0,3844.89123,3.755,0.764,14.0,74.9
0,141.0,22.7,0.1,99.0,15.2,99.0,382.54994,2.37,0.76,14.0,74.7
0,142.0,21.9,0.1,99.0,15.2,99.0,361.289374,2.56,0.757,13.8,74.6
0,143.0,21.2,0.1,99.0,15.3,99.0,335.521375,2.8,0.752,13.7,74.5
0,141.0,2.5,0.1,99.0,15.3,99.0,322.992615,3.03,0.746,13.6,74.5
0,138.0,19.8,0.1,99.0,15.3,99.0,2819.511161,2.31,0.739,13.5,74.5
0,183.0,19.2,0.1,97.0,15.3,97.0,216.681584,2.05,0.735,13.4,71.8
0,172.0,18.5,0.1,98.0,15.4,98.0,254.489192,2.1,0.731,13.3,72.3
0,146.0,17.9,0.1,98.0,15.4,98.0,1644.816372,2.29,0.725,13.2,73.7
0,145.0,17.2,0.1,98.0,15.4,98.0,1448.7611,1.96,0.718,13.1,73.8
0,138.0,16.6,0.1,99.0,15.4,99.0,1259.87591,1.97,0.712,12.9,74.2
0,197.0,16.1,0.1,97.0,15.4,97.0,174.6692,1.56,0.705,12.8,69.1
0,146.0,15.6,0.1,99.0,15.4,98.0,989.4547732,1.69,0.697,12.7,73.9
0,149.0,15.1,0.1,98.0,15.4,98.0,873.1472436,1.62,0.699,12.6,73.7
0,16.0,14.6,0.1,98.0,15.4,98.0,837.699787,1.68,0.686,12.5,72.7
0,175.0,14.1,0.1,99.0,15.3,99.0,875.412178,1.45,0.677,12.4,71.5
0,225.0,43.5,0.3,93.0,3.3,93.0,2513.884661,3.755,0.488,7.2,64.1
0,229.0,43.5,0.3,94.0,3.3,94.0,2176.89829,0.01,0.485,7.2,63.8
0,232.0,43.5,0.3,93.0,3.3,93.0,1955.66799,0.01,0.478,7.0,63.5
0,235.0,43.5,0.3,92.0,3.3,92.0,1892.894352,0.01,0.468,6.8,63.2
0,241.0,43.5,0.3,93.0,3.3,93.0,1666.857757,2.12,0.463,7.0,62.7
0,243.0,43.5,0.3,9.0,3.3,9.0,1476.47887,1.77,0.461,7.0,62.5
0,248.0,43.5,0.3,81.0,3.3,81.0,1226.884381,1.99,0.456,6.8,62.0
0,251.0,43.5,0.3,86.0,3.3,85.0,1291.528826,2.01,0.444,6.3,61.8
0,254.0,43.5,0.3,84.0,3.3,84.0,1115.6952,2.01,0.44,6.4,61.4
0,26.0,43.5,0.2,78.0,3.3,77.0,893.8793645,1.9,0.43,6.2,61.0
0,261.0,43.5,0.2,78.0,3.3,78.0,679.7539949,1.55,0.423,6.1,67.0
0,278.0,43.5,0.2,74.0,3.3,74.0,565.569459,1.59,0.415,5.7,59.7
0,278.0,43.5,0.2,69.0,3.3,69.0,477.738478,1.74,0.409,5.6,59.6
0,277.0,43.5,0.2,6.0,3.3,6.0,412.1517561,1.59,0.403,5.6,59.4
0,283.0,43.5,0.2,66.0,3.3,66.0,377.5254454,1.81,0.399,5.6,58.9
0,284.0,43.5,0.1,62.0,3.3,62.0,361.35843,1.76,0.394,5.5,58.6
0,176.0,58.3,0.4,89.0,3.5,89.0,8818.982566,3.755,0.723,12.7,71.6
0,178.0,57.7,0.4,85.0,3.5,85.0,9564.46383,6.32,0.722,12.7,71.4
0,179.0,57.0,0.4,86.0,3.5,86.0,9484.56898,6.02,0.719,12.7,71.2
0,178.0,56.3,0.9,84.0,3.5,84.0,9272.413453,5.73,0.708,12.7,71.3
0,187.0,55.5,0.1,86.0,3.5,86.0,8318.97692,5.64,0.704,12.5,76.0
0,19.0,54.8,0.5,96.0,3.5,96.0,833.31332,5.26,0.7,12.3,73.0
0,196.0,54.1,0.6,87.0,3.5,85.0,7443.85178,5.13,0.696,12.1,70.0
0,196.0,53.3,1.2,85.0,3.5,85.0,6858.163158,4.94,0.691,11.9,69.8
0,22.0,52.6,0.8,84.0,3.5,84.0,5761.39536,4.72,0.684,11.7,69.5
0,199.0,51.8,0.6,84.0,3.5,84.0,527.92,4.52,0.678,11.5,69.3
0,25.0,51.1,0.6,83.0,3.5,84.0,3595.8855,4.47,0.672,11.3,68.9
0,214.0,5.4,0.9,85.0,3.5,84.0,36.48773,4.55,0.0,11.1,68.3
0,223.0,49.7,1.0,75.0,3.5,74.0,263.1399,4.53,0.0,10.9,68.0
0,221.0,49.0,1.6,73.0,3.5,74.0,2232.513244,4.41,0.0,11.0,67.9
0,219.0,48.3,1.8,68.0,3.6,65.0,1598.77512,4.23,0.0,11.0,67.7
0,224.0,47.6,0.4,71.0,3.6,7.0,1888.61829,4.29,0.0,11.1,67.4
0,373.0,32.3,7.1,9.0,4.0,84.0,3136.92511,3.755,0.541,11.4,58.9
0,382.0,31.8,7.3,98.0,4.3,98.0,3464.35169,0.01,0.541,11.4,58.4
0,393.0,31.2,9.8,98.0,4.5,98.0,3598.75972,0.01,0.539,11.4,57.6
0,412.0,3.7,12.2,95.0,4.8,92.0,3851.51547,0.01,0.534,11.3,56.5
0,438.0,3.2,15.7,91.0,5.1,85.0,3934.27325,5.2,0.526,11.2,55.0
0,459.0,29.7,21.6,89.0,5.4,89.0,369.239336,4.93,0.523,11.0,53.6
0,46.0,29.3,33.7,88.0,5.8,89.0,332.517125,4.9,0.519,10.8,52.6
0,477.0,28.9,40.2,88.0,6.1,89.0,2842.438422,4.87,0.514,10.6,51.4
0,51.0,28.5,40.7,87.0,6.5,88.0,347.48798,5.55,0.508,10.5,50.0
0,564.0,28.2,43.7,87.0,6.9,88.0,2937.36723,5.53,0.502,9.9,47.8
0,63.0,27.8,49.1,86.0,7.3,88.0,2873.862141,5.08,0.495,9.7,46.0
0,69.0,27.4,50.3,86.0,7.7,88.0,2529.633557,5.78,0.492,9.4,45.6
0,6.0,27.1,50.6,85.0,8.2,87.0,22.99449,5.65,0.493,9.1,45.9
0,587.0,26.7,49.9,85.0,8.6,87.0,1324.996228,5.52,0.502,9.2,46.4
0,568.0,26.3,48.8,84.0,9.0,87.0,1437.634951,6.72,0.506,9.3,47.1
0,536.0,25.9,46.4,84.0,9.4,87.0,1637.4567,7.19,0.516,9.4,48.4
1,53.0,59.5,0.1,98.0,1.5,98.0,5585.25847,3.755,0.909,15.9,82.4
1,54.0,59.0,0.1,98.0,1.5,98.0,5918.19898,7.3,0.906,15.8,82.3
1,57.0,58.5,0.1,98.0,1.4,98.0,6283.24522,7.3,0.904,15.8,81.9
1,57.0,58.1,0.1,98.0,1.4,98.0,57134.777,7.4,0.903,15.8,81.7
1,58.0,57.7,0.1,98.0,1.4,98.0,59593.28711,7.4,0.901,16.0,81.7
1,58.0,57.3,0.1,98.0,1.3,98.0,5276.25591,7.2,0.895,15.8,81.5
1,62.0,56.9,0.1,98.0,1.3,98.0,4627.592,7.3,0.898,15.8,81.4
1,62.0,56.5,0.1,98.0,1.3,98.0,55746.84238,6.9,0.897,15.7,81.1
1,63.0,56.1,0.1,98.0,1.3,98.0,53324.37937,6.9,0.895,15.8,89.0
1,64.0,55.7,0.1,98.0,1.3,98.0,46256.4716,6.5,0.892,15.9,88.0
1,66.0,55.3,0.1,98.0,1.3,98.0,4385.35315,6.5,0.89,16.0,85.0
1,7.0,54.9,0.1,99.0,1.3,99.0,42442.2245,6.6,0.888,16.0,83.0
1,69.0,54.4,0.1,99.0,1.3,99.0,36961.42537,6.9,0.882,15.9,82.0
1,71.0,53.9,0.1,99.0,1.3,99.0,29571.7446,6.9,0.88,15.9,79.9
1,73.0,53.4,0.1,99.0,1.3,99.0,26969.24457,6.6,0.877,15.9,79.8
1,73.0,52.8,0.1,99.0,1.4,99.0,29283.55,6.2,0.873,15.9,79.6
1,49.0,57.4,0.1,97.0,0.4,97.0,8989.8424,3.755,0.938,16.0,83.4
1,51.0,57.0,0.1,96.0,0.4,96.0,85814.58857,9.61,0.936,15.9,83.2
1,52.0,56.6,0.1,96.0,0.4,96.0,84658.88768,9.73,0.934,15.8,83.0
1,54.0,56.2,0.1,96.0,0.5,96.0,83164.38795,9.86,0.932,15.7,82.7
1,55.0,55.8,0.1,96.0,0.5,96.0,87998.44468,9.99,0.932,15.6,82.6
1,57.0,55.4,0.1,95.0,0.5,96.0,74276.71842,10.01,0.92,15.4,82.3
1,6.0,55.0,0.1,95.0,0.5,96.0,69672.471,10.15,0.916,15.3,82.1
1,6.0,54.6,0.1,95.0,0.5,96.0,72119.5687,10.29,0.914,15.3,82.0
1,63.0,54.1,0.1,94.0,0.5,94.0,63223.46778,10.44,0.911,15.3,81.7
1,65.0,53.7,0.1,94.0,0.6,94.0,57348.92788,10.24,0.904,15.2,81.5
1,66.0,53.2,0.1,94.0,0.6,94.0,54797.54663,10.15,0.899,15.2,81.1
1,69.0,52.8,0.1,93.0,0.6,95.0,53255.97631,10.55,0.895,15.1,81.0
1,72.0,52.3,0.1,93.0,0.6,95.0,4796.56497,10.82,0.889,15.0,85.0
1,74.0,51.8,0.1,93.0,0.6,95.0,41336.72192,10.85,0.89,15.2,84.0
1,75.0,51.3,0.1,93.0,0.7,95.0,38538.64447,11.12,0.888,15.2,82.0
1,78.0,5.8,0.1,93.0,0.7,95.0,37813.23426,11.26,0.879,15.1,79.7
0,293.0,57.1,0.1,41.0,6.3,5.0,1766.947595,3.755,0.553,9.0,64.5
0,294.0,56.2,0.1,43.0,6.3,52.0,1766.947595,0.01,0.575,9.0,64.4
0,37.0,55.2,0.1,41.0,6.3,5.0,1766.947595,0.01,0.635,13.0,63.6
0,32.0,54.2,0.1,45.0,6.3,47.0,1766.947595,0.01,0.645,12.5,62.8
0,163.0,53.2,0.1,72.0,6.3,6.0,1766.947595,0.76,0.646,12.0,71.7
0,127.0,52.3,0.1,8.0,6.4,83.0,1766.947595,0.78,0.65,11.7,73.7
0,124.0,51.3,0.1,8.0,6.4,83.0,1766.947595,0.81,0.648,11.8,73.8
0,122.0,5.4,0.1,79.0,6.4,83.0,1766.947595,0.8,0.651,11.6,73.8
0,121.0,49.4,0.1,8.0,6.4,83.0,258.3529,0.83,0.644,11.5,73.8
0,123.0,48.5,0.1,8.0,6.4,83.0,1762.24617,0.97,0.636,11.4,73.7
0,127.0,47.6,0.1,8.0,6.5,83.0,1577.457182,0.92,0.624,11.0,73.5
0,131.0,46.8,0.1,81.0,6.5,84.0,148.852738,0.93,0.61,10.6,73.2
0,134.0,46.0,0.1,83.0,6.6,85.0,1253.39143,1.29,0.599,10.3,73.0
0,135.0,45.3,0.1,84.0,6.6,86.0,1263.13455,1.25,0.596,10.2,72.8
0,135.0,44.6,0.1,82.0,6.7,83.0,1258.421953,1.29,0.589,10.1,72.7
0,136.0,43.9,0.1,84.0,6.8,86.0,1177.629268,1.41,0.588,10.0,72.6
0,161.0,4.7,0.2,96.0,3.6,96.0,918.6771543,3.755,0.625,11.3,69.7
0,162.0,39.9,0.2,97.0,3.6,94.0,114.45919,0.01,0.622,11.3,69.6
0,163.0,39.0,0.2,96.0,3.6,97.0,14.214412,0.01,0.617,11.2,69.3
0,164.0,38.2,0.2,94.0,3.6,96.0,954.725253,0.01,0.613,11.1,68.8
0,166.0,37.4,0.2,96.0,3.7,97.0,834.5412953,0.32,0.608,11.1,68.1
0,171.0,36.6,0.2,93.0,3.7,95.0,738.3475227,0.32,0.603,11.1,67.3
0,174.0,35.9,0.2,93.0,3.7,93.0,666.3458569,0.3,0.601,11.1,66.7
0,178.0,35.3,0.3,86.0,3.8,87.0,76.914128,0.32,0.592,10.8,66.4
0,181.0,34.7,0.3,86.0,3.8,85.0,52.35956,0.35,0.586,10.9,66.1
0,183.0,34.1,0.3,83.0,3.8,76.0,44.2872665,0.38,0.579,10.7,65.9
0,194.0,33.5,0.3,84.0,3.8,79.0,337.359236,0.37,0.572,10.6,65.5
0,177.0,33.0,0.3,86.0,3.9,82.0,39.281834,0.38,0.563,10.5,65.9
0,182.0,32.5,0.3,85.0,4.0,82.0,236.314438,0.36,0.553,10.1,65.2
0,193.0,32.1,0.3,85.0,4.0,84.0,189.3878519,0.6,0.543,9.8,64.3
0,194.0,31.6,0.3,85.0,4.1,84.0,17.8159721,0.86,0.535,9.7,64.0
0,198.0,31.3,0.3,83.0,4.2,86.0,138.436633,0.37,0.529,9.6,63.7
0,148.0,33.6,0.1,99.0,7.7,99.0,5814.863134,3.755,0.738,13.6,74.9
0,152.0,32.4,0.1,99.0,7.8,99.0,5941.8471,6.41,0.737,13.6,74.6
0,153.0,31.3,0.1,99.0,7.9,99.0,6171.262444,6.5,0.733,13.6,74.5
0,154.0,3.1,0.1,99.0,8.0,99.0,5859.915622,6.56,0.729,13.7,74.3
0,155.0,29.0,0.2,99.0,8.1,99.0,5491.159981,6.07,0.72,13.3,74.1
0,158.0,27.9,0.2,99.0,8.2,99.0,575.32176,5.95,0.711,13.1,73.9
0,16.0,26.8,0.3,99.0,8.3,99.0,4212.5492,5.88,0.706,13.0,73.7
0,162.0,25.7,0.3,99.0,8.5,99.0,4378.68746,5.92,0.7,12.9,73.5
0,165.0,24.6,0.4,98.0,8.6,98.0,3972.26475,6.2,0.687,12.3,73.3
0,168.0,23.6,0.5,98.0,8.7,98.0,3368.952576,6.18,0.686,12.4,73.0
0,177.0,22.6,0.5,98.0,8.9,98.0,2893.651356,6.26,0.682,12.0,72.5
0,189.0,21.7,0.5,98.0,9.0,98.0,2659.83918,6.17,0.674,11.9,71.6
0,189.0,2.9,0.6,98.0,9.1,98.0,2358.93629,6.14,0.666,11.8,71.7
0,192.0,2.2,0.7,96.0,9.2,97.0,296.54617,5.93,0.657,11.5,71.4
0,194.0,19.4,0.8,96.0,9.3,97.0,1893.145377,5.92,0.649,11.2,71.2
0,194.0,18.7,0.8,97.0,9.4,97.0,27.564826,5.88,0.64,10.9,71.1
0,12.0,6.3,0.1,91.0,2.1,92.0,1766.947595,3.755,0.746,12.9,75.7
0,12.0,59.7,0.1,95.0,2.2,96.0,1766.947595,1.13,0.743,12.9,75.5
0,14.0,59.1,0.1,98.0,2.2,98.0,1766.947595,1.03,0.741,12.9,75.3
0,15.0,58.5,0.1,95.0,2.2,97.0,1766.947595,1.23,0.739,12.9,75.1
0,17.0,57.9,0.1,96.0,2.2,97.0,1766.947595,1.16,0.735,12.9,74.9
0,18.0,57.4,0.1,95.0,2.3,95.0,1766.947595,1.47,0.732,13.0,74.7
0,111.0,56.9,0.1,96.0,2.3,96.0,1766.947595,1.77,0.73,13.0,74.4
0,111.0,56.4,0.1,95.0,2.4,96.0,1766.947595,1.72,0.714,12.2,74.2
0,12.0,55.9,0.1,95.0,2.4,96.0,1766.947595,1.75,0.709,12.2,73.5
0,122.0,55.4,0.1,93.0,2.5,92.0,1766.947595,1.74,0.703,12.1,73.7
0,12.0,54.9,0.1,97.0,2.5,98.0,1766.947595,1.75,0.0,11.9,73.6
0,12.0,54.5,0.1,94.0,2.6,95.0,1766.947595,2.07,0.0,11.9,73.5
0,126.0,54.1,0.1,96.0,2.7,96.0,1766.947595,2.4,0.0,11.9,73.2
0,128.0,53.6,0.1,96.0,2.7,97.0,1766.947595,2.53,0.0,11.9,72.8
0,126.0,53.2,0.1,91.0,2.8,91.0,1766.947595,3.27,0.0,11.8,73.1
0,125.0,52.7,0.1,95.0,2.8,96.0,1766.947595,2.86,0.0,11.7,72.6
0,152.0,17.4,0.1,76.0,1.9,75.0,1161.76935,3.755,0.603,12.5,68.3
0,155.0,17.0,0.1,77.0,1.9,76.0,1153.51578,0.01,0.612,12.5,68.0
0,158.0,16.6,0.1,82.0,11.1,82.0,117.765674,0.01,0.62,12.5,67.7
0,159.0,16.2,0.1,83.0,11.2,83.0,1117.77724,0.01,0.618,12.5,67.4
0,161.0,15.8,0.1,67.0,11.3,66.0,114.56179,0.5,0.607,12.5,67.2
0,163.0,15.5,0.1,72.0,11.5,72.0,849.8626972,0.1,0.599,12.4,66.9
0,165.0,15.1,0.1,72.0,11.6,78.0,757.3114436,0.09,0.599,12.1,66.6
0,168.0,14.7,0.1,79.0,11.7,79.0,643.71911,0.06,0.566,11.7,66.2
0,173.0,14.2,0.1,7.0,11.8,7.0,524.8959363,0.05,0.541,11.3,65.8
0,186.0,13.9,0.1,63.0,11.9,62.0,441.53226,0.04,0.511,11.0,64.9
0,26.0,13.5,0.1,55.0,12.0,55.0,478.331859,0.36,0.492,10.6,63.7
0,229.0,13.2,0.1,57.0,12.0,57.0,467.5438297,0.38,0.484,10.2,62.3
0,25.0,12.9,0.1,55.0,12.1,55.0,471.4565823,0.44,0.485,9.8,61.0
0,261.0,12.6,0.1,54.0,12.1,38.0,48.61552,0.48,0.475,9.8,62.0
0,269.0,12.3,0.1,93.0,12.1,93.0,56.4249869,0.5,0.47,9.8,59.4
0,276.0,11.9,0.1,93.0,12.2,93.0,422.28633,0.5,0.0,0.0,58.7
0,287.0,24.3,1.0,88.0,6.5,88.0,551.138346,3.755,0.484,12.0,59.9
0,285.0,23.7,1.0,87.0,6.6,85.0,62.1318489,0.01,0.475,12.0,59.7
0,287.0,23.1,1.5,84.0,6.8,84.0,579.43485,0.01,0.47,12.0,59.4
0,294.0,22.6,1.7,84.0,7.0,84.0,563.6894247,0.01,0.464,12.0,58.9
0,34.0,22.0,2.6,85.0,7.1,85.0,562.3393592,1.44,0.457,11.5,58.3
0,323.0,21.4,3.8,83.0,7.3,83.0,487.9238913,1.21,0.449,11.0,57.4
0,336.0,2.9,4.3,78.0,7.5,78.0,499.6468713,1.24,0.442,10.6,56.7
0,344.0,2.4,4.8,81.0,7.7,8.0,513.391914,1.33,0.441,10.1,56.2
0,344.0,19.8,5.1,82.0,7.9,72.0,42.764743,1.37,0.443,10.6,55.9
0,345.0,19.3,5.0,84.0,8.1,85.0,377.33629,1.37,0.436,10.2,55.7
0,357.0,18.9,5.0,82.0,8.4,8.0,372.1721837,1.14,0.435,10.1,55.0
0,355.0,18.4,5.1,71.0,8.6,71.0,349.9937253,1.01,0.432,10.0,54.9
0,355.0,17.9,5.2,72.0,8.8,72.0,31.437144,1.02,0.428,9.9,54.7
0,351.0,17.5,5.3,59.0,9.0,58.0,28.832123,1.0,0.428,9.7,54.7
0,345.0,17.1,5.3,5.0,9.2,51.0,26.6394652,0.95,0.426,9.4,54.6
0,339.0,16.6,5.1,64.0,9.4,63.0,26.3932935,1.1,0.425,9.3,54.6
0,133.0,75.2,0.1,78.0,0.1,8.0,493.775387,3.755,0.718,14.3,73.5
0,135.0,74.8,0.1,8.0,0.1,82.0,4192.349758,0.01,0.716,14.3,73.3
0,137.0,74.3,0.1,82.0,0.1,84.0,4266.557174,0.01,0.718,14.3,73.2
0,138.0,73.8,0.1,77.0,0.1,79.0,451.542462,0.01,0.717,14.4,73.0
0,14.0,73.3,0.1,82.0,0.1,84.0,445.18866,0.96,0.712,14.4,72.9
0,142.0,72.7,0.1,82.0,0.1,84.0,3547.59975,1.24,0.707,14.4,72.8
0,147.0,72.1,0.1,84.0,0.1,86.0,37.846563,1.08,0.703,14.5,72.5
0,145.0,71.5,0.1,86.0,0.1,88.0,3392.64743,1.1,0.698,14.5,72.6
0,146.0,7.8,0.1,87.0,0.1,88.0,2932.315883,2.05,0.698,14.5,72.5
0,148.0,7.1,0.1,88.0,0.1,89.0,2892.522663,1.79,0.695,14.6,72.4
0,15.0,69.4,0.1,89.0,0.1,9.0,2594.74999,1.57,0.694,14.6,72.3
0,151.0,68.6,0.1,9.0,0.1,91.0,2284.37858,1.8,0.693,14.6,72.2
0,153.0,67.8,0.1,9.0,0.1,91.0,229.714718,1.79,0.683,13.7,72.0
0,155.0,67.0,0.1,84.0,0.1,85.0,1842.44421,1.51,0.679,13.5,71.9
0,157.0,66.2,0.1,89.0,0.1,91.0,1837.977391,1.35,0.674,13.2,71.8
0,158.0,65.5,0.1,91.0,0.1,91.0,263.27236,1.24,0.676,13.7,71.6
0,17.0,47.1,0.3,96.0,5.7,88.0,17321.83373,3.755,0.779,12.7,71.2
0,171.0,46.0,0.3,92.0,5.8,94.0,19325.24283,6.94,0.778,12.7,71.1
0,172.0,45.0,0.3,92.0,5.8,94.0,1967.83283,6.71,0.773,12.7,71.0
0,174.0,44.0,0.4,92.0,5.9,91.0,19152.531,6.7,0.772,12.6,78.0
0,176.0,43.0,0.4,9.0,5.9,91.0,1953.9767,6.5,0.774,12.6,76.0
0,179.0,42.0,0.4,9.0,5.9,91.0,16683.94578,6.5,0.772,12.5,74.0
0,183.0,41.1,0.2,9.0,6.0,9.0,1458.8796,6.37,0.773,12.5,71.0
0,185.0,4.2,0.3,9.0,6.1,91.0,21188.11857,6.41,0.767,12.4,69.9
0,187.0,39.3,0.7,88.0,6.1,9.0,1653.1844,6.37,0.76,12.4,69.7
0,188.0,38.4,0.6,92.0,6.2,89.0,1495.96337,6.35,0.751,12.3,69.6
0,189.0,37.6,0.5,95.0,6.3,95.0,12323.1275,6.12,0.745,12.3,69.5
0,19.0,36.8,1.0,94.0,6.3,94.0,129.51914,5.82,0.736,12.2,69.4
0,191.0,36.0,0.5,91.0,6.4,91.0,884.518666,5.53,0.729,12.0,69.3
0,192.0,35.2,2.0,96.0,6.5,96.0,749.626612,5.12,0.721,11.9,69.2
0,194.0,34.4,1.2,91.0,6.6,91.0,6935.721451,4.55,0.715,11.8,69.1
0,197.0,33.6,0.9,9.0,6.7,9.0,643.947262,4.68,0.709,11.7,69.1
0,1.0,61.2,0.1,98.0,6.5,98.0,3828.91589,3.755,0.723,14.6,75.3
0,12.0,6.2,0.1,98.0,6.5,98.0,4271.68172,1.39,0.722,14.7,75.1
0,13.0,59.3,0.1,98.0,6.4,98.0,4199.47253,1.29,0.72,14.7,74.9
0,13.0,58.3,0.1,97.0,6.4,97.0,4137.55421,1.3,0.717,14.6,74.9
0,13.0,57.4,0.1,98.0,6.4,98.0,4256.91279,1.29,0.714,14.5,74.8
0,12.0,56.5,0.1,98.0,6.3,98.0,414.15177,1.28,0.71,14.4,74.8
0,12.0,55.6,0.1,99.0,6.3,99.0,4129.977335,1.4,0.706,14.4,74.7
0,12.0,54.7,0.1,99.0,6.3,99.0,431.9326,1.37,0.701,14.3,74.7
0,12.0,53.9,0.1,98.0,6.3,98.0,3778.184171,1.24,0.695,14.3,74.6
0,12.0,53.1,0.1,99.0,6.3,99.0,3371.71231,1.46,0.689,14.2,74.4
0,14.0,52.2,0.1,98.0,6.4,98.0,3194.562243,1.37,0.683,13.9,74.2
0,15.0,51.4,0.1,97.0,6.4,97.0,3112.83529,1.36,0.673,13.6,74.0
0,17.0,5.6,0.1,95.0,6.4,95.0,2761.969249,1.34,0.667,13.5,73.7
0,19.0,49.7,0.1,96.0,6.5,96.0,2346.5937,1.17,0.662,13.3,73.5
0,11.0,48.9,0.1,98.0,6.5,98.0,2254.933126,1.19,0.654,13.1,73.2
0,112.0,48.1,0.1,97.0,6.6,97.0,2213.91488,1.21,0.646,12.8,72.9
0,16.0,66.1,0.1,97.0,4.9,97.0,1979.52569,3.755,0.764,14.5,75.8
0,17.0,65.3,0.1,96.0,4.9,96.0,12127.22522,1.45,0.759,14.5,75.5
0,19.0,64.5,0.1,98.0,4.9,98.0,12542.93565,1.41,0.754,14.4,75.2
0,112.0,63.7,0.1,97.0,4.9,97.0,1172.3843,1.54,0.75,14.3,74.8
0,114.0,62.8,0.1,97.0,4.9,97.0,11341.13395,1.53,0.737,13.8,74.5
0,116.0,61.9,0.1,97.0,4.9,97.0,1672.5693,1.49,0.715,13.0,74.2
0,118.0,61.1,0.1,96.0,4.9,96.0,936.499911,1.4,0.709,12.5,73.9
0,121.0,6.2,0.1,96.0,5.0,96.0,185.68975,1.39,0.705,12.5,73.5
0,124.0,59.3,0.1,96.0,5.0,96.0,979.49246,1.26,0.697,12.3,73.2
0,126.0,58.5,0.1,9.0,5.0,9.0,834.869161,1.29,0.687,11.9,72.8
0,129.0,57.6,0.1,9.0,5.0,9.0,7384.354661,1.29,0.681,11.9,72.4
0,132.0,56.8,0.1,85.0,5.1,85.0,64.72953,1.35,0.675,12.0,72.0
0,135.0,55.9,0.1,68.0,5.1,69.0,4718.51291,1.42,0.668,11.9,71.6
0,138.0,55.1,0.1,78.0,5.2,78.0,366.57,1.47,0.658,11.5,71.2
0,14.0,54.3,0.1,88.0,5.2,88.0,3119.63716,1.49,0.653,11.1,78.0
0,143.0,53.5,0.1,85.0,5.3,85.0,4316.553895,1.54,0.641,10.7,74.0
0,215.0,48.6,0.1,99.0,3.3,99.0,6432.668768,3.755,0.688,10.8,66.3
0,217.0,47.7,0.1,98.0,3.3,98.0,7962.365824,2.9,0.683,10.8,66.0
0,228.0,46.7,0.1,98.0,3.2,98.0,734.42525,2.93,0.678,10.7,65.4
0,22.0,45.9,0.1,97.0,3.2,98.0,6675.262954,2.75,0.672,10.7,65.6
0,217.0,45.0,0.1,97.0,3.2,97.0,5649.978486,2.55,0.665,10.6,65.6
0,211.0,44.2,0.1,96.0,3.2,96.0,4439.23,2.48,0.0,10.6,65.8
0,215.0,43.4,0.1,96.0,3.2,97.0,436.459223,2.35,0.0,10.5,65.6
0,235.0,42.7,0.1,96.0,3.2,96.0,394.467675,2.4,0.0,10.5,64.5
0,241.0,42.0,0.1,98.0,3.3,98.0,26.371428,2.58,0.0,10.4,64.1
0,245.0,41.3,0.1,98.0,3.3,98.0,2136.66815,2.71,0.0,10.4,63.7
0,248.0,4.7,0.1,99.0,3.4,99.0,174.51475,2.85,0.0,10.3,63.3
0,238.0,4.0,0.1,97.0,3.4,98.0,1453.917166,2.86,0.0,10.3,63.5
0,231.0,39.4,0.1,83.0,3.5,66.0,1283.885977,2.88,0.0,10.3,63.4
0,229.0,38.7,0.1,98.0,3.5,99.0,967.917468,2.33,0.0,10.2,63.3
0,221.0,38.1,0.1,95.0,3.6,94.0,774.4763388,2.35,0.0,10.2,64.0
0,224.0,37.5,0.1,97.0,3.6,98.0,643.17518,2.9,0.0,0.0,63.8
0,144.0,79.3,0.1,9.0,0.2,9.0,3542.13589,0.01,0.677,0.0,72.1
0,291.0,18.5,3.1,78.0,5.6,82.0,693.8963829,3.755,0.488,10.0,62.3
0,38.0,18.1,3.2,78.0,5.7,82.0,719.172669,0.01,0.483,10.0,61.5
0,325.0,17.6,4.0,78.0,5.7,82.0,662.492293,0.01,0.478,10.0,67.0
0,339.0,17.2,4.6,78.0,5.8,82.0,647.74741,0.01,0.477,10.0,60.0
0,347.0,16.7,6.8,82.0,5.9,82.0,584.3962137,10.22,0.477,10.7,59.3
0,362.0,16.3,8.0,8.0,6.0,79.0,594.9972557,10.03,0.473,10.9,58.4
0,378.0,15.9,8.1,79.0,6.1,78.0,647.17732,9.63,0.464,10.8,57.5
0,41.0,15.6,8.2,71.0,6.2,69.0,449.6928183,9.79,0.453,10.6,56.3
0,41.0,15.2,8.4,73.0,6.3,7.0,41.858631,9.65,0.442,10.3,55.5
0,41.0,14.8,8.6,64.0,6.4,62.0,336.4593923,9.81,0.434,10.6,54.9
0,446.0,14.5,8.7,64.0,6.5,59.0,315.788227,10.09,0.429,10.9,53.2
0,485.0,14.2,8.9,62.0,6.6,58.0,288.236949,9.89,0.427,11.6,51.3
0,53.0,13.9,9.4,59.0,6.7,57.0,237.9995917,10.16,0.418,11.5,51.0
0,523.0,13.6,10.0,57.0,6.8,57.0,24.2423229,10.42,0.404,11.0,48.8
0,539.0,13.3,10.8,55.0,6.9,56.0,234.984775,10.57,0.396,10.8,47.7
0,554.0,13.0,11.6,52.0,7.0,55.0,257.63369,10.47,0.382,9.8,46.6
0,195.0,61.3,0.2,23.0,2.3,51.0,2124.662666,3.755,0.748,15.3,71.3
0,23.0,6.7,0.2,23.0,2.3,45.0,314.658296,8.06,0.746,15.2,78.0
0,198.0,6.1,0.2,76.0,2.3,72.0,429.71554,8.44,0.744,15.2,71.0
0,25.0,59.6,0.2,76.0,2.4,72.0,3855.42128,8.44,0.739,15.1,77.0
0,24.0,59.0,0.2,5.0,2.4,54.0,3569.75727,8.48,0.734,14.9,75.0
0,212.0,58.5,0.2,52.0,2.4,57.0,2965.142365,8.39,0.728,14.9,69.8
0,231.0,58.0,0.3,71.0,2.5,74.0,2545.48341,8.71,0.734,14.9,69.2
0,273.0,57.6,0.4,9.0,2.5,91.0,3891.37823,9.46,0.73,14.9,67.7
0,277.0,57.2,0.7,98.0,2.5,98.0,368.68998,8.86,0.723,14.8,67.5
0,267.0,56.8,0.8,98.0,2.6,99.0,233.18831,7.99,0.716,14.7,67.7
0,278.0,56.4,0.9,96.0,2.7,95.0,1828.717626,7.31,0.707,14.5,67.0
0,267.0,56.1,1.0,99.0,2.7,99.0,1367.352433,6.79,0.7,14.6,67.4
0,256.0,55.7,0.9,97.0,2.8,99.0,148.522488,5.92,0.691,14.3,67.6
0,256.0,55.4,0.9,99.0,2.9,99.0,879.475486,4.89,0.683,13.9,67.6
0,253.0,55.1,0.8,99.0,2.9,99.0,78.738243,4.31,0.673,13.2,67.7
0,257.0,54.8,0.7,99.0,3.0,99.0,635.789635,4.49,0.669,13.3,67.5
0,75.0,64.2,0.1,99.0,5.3,99.0,3911.74689,3.755,0.836,13.3,77.1
0,77.0,62.4,0.1,99.0,5.2,99.0,44449.7435,1.91,0.832,13.3,76.9
0,78.0,6.5,0.1,98.0,5.2,98.0,4335.64268,1.82,0.829,13.3,76.7
0,8.0,58.6,0.1,96.0,5.1,96.0,42112.23565,1.75,0.826,13.3,76.5
0,81.0,57.1,0.1,95.0,5.1,95.0,4462.3129,1.73,0.824,13.3,76.3
0,82.0,55.8,0.1,94.0,5.1,94.0,3549.14832,1.69,0.826,13.3,76.2
0,84.0,55.1,0.1,93.0,5.1,94.0,3372.57517,1.73,0.831,13.2,76.0
0,85.0,54.8,0.1,92.0,5.1,94.0,45758.9554,1.86,0.829,13.1,75.8
0,87.0,55.1,0.1,92.0,5.1,94.0,42672.61323,1.69,0.826,12.9,75.6
0,89.0,55.8,0.1,92.0,5.1,94.0,42372.22166,1.74,0.823,12.8,75.4
0,92.0,56.6,0.1,94.0,5.1,94.0,39439.8197,1.79,0.818,12.6,75.3
0,95.0,57.0,0.1,94.0,5.2,94.0,36161.1761,1.77,0.813,12.4,75.1
0,98.0,56.8,0.1,94.0,5.2,94.0,3323.52318,1.74,0.808,12.3,74.9
0,11.0,56.0,0.1,94.0,5.3,94.0,31311.35936,1.72,0.803,12.1,74.7
0,14.0,55.0,0.1,94.0,5.3,94.0,3161.52935,1.67,0.798,12.0,74.5
0,17.0,54.1,0.1,94.0,5.4,94.0,3371.26869,1.64,0.791,11.8,74.2
1,69.0,66.6,0.1,96.0,0.8,96.0,1766.947595,10.66,0.677,12.3,81.2
1,71.0,66.0,0.1,95.0,0.8,95.0,1766.947595,10.37,0.677,12.3,81.0
1,72.0,65.4,0.1,95.0,0.8,95.0,1766.947595,10.32,0.677,12.3,87.0
1,72.0,64.8,0.1,95.0,0.8,95.0,1766.947595,10.42,0.677,12.3,86.0
1,74.0,64.2,0.1,95.0,0.8,95.0,1766.947595,10.68,0.677,12.3,86.0
1,77.0,63.6,0.1,94.0,0.8,94.0,1766.947595,10.88,0.677,12.3,82.0
1,78.0,63.1,0.1,93.0,0.8,93.0,1766.947595,10.79,0.677,12.3,81.0
1,8.0,62.5,0.1,92.0,0.8,92.0,1766.947595,11.47,0.677,12.3,79.6
1,8.0,61.9,0.1,92.0,0.7,92.0,1766.947595,11.84,0.677,12.3,79.5
1,82.0,61.3,0.1,92.0,0.7,92.0,1766.947595,11.61,0.677,12.3,79.3
1,82.0,6.7,0.1,91.0,0.7,91.0,1766.947595,12.05,0.677,12.3,79.0
1,83.0,6.1,0.1,92.0,0.7,92.0,1766.947595,12.22,0.677,12.3,78.8
1,86.0,59.5,0.1,91.0,0.7,91.0,1766.947595,11.85,0.677,12.3,78.3
1,87.0,58.8,0.1,91.0,0.7,91.0,1766.947595,11.44,0.677,12.3,78.2
1,88.0,58.2,0.1,91.0,0.7,91.0,1766.947595,10.91,0.677,12.3,78.0
1,89.0,57.5,0.1,91.0,0.7,91.0,1766.947595,10.59,0.677,12.3,77.8
0,279.0,23.8,1.4,98.0,6.7,96.0,1766.947595,3.755,0.677,12.3,61.8
0,34.0,23.2,1.4,97.0,6.8,97.0,1766.947595,0.01,0.677,12.3,67.0
0,323.0,22.5,2.1,91.0,6.8,91.0,1766.947595,4.2,0.677,12.3,59.7
0,348.0,21.9,2.4,92.0,6.9,9.0,1766.947595,3.98,0.677,12.3,58.6
0,348.0,21.3,3.1,9.0,7.0,88.0,1766.947595,4.04,0.677,12.3,58.3
0,36.0,2.7,4.6,91.0,7.1,94.0,1766.947595,4.19,0.677,12.3,57.5
0,368.0,2.2,6.4,85.0,7.2,88.0,1766.947595,3.97,0.677,12.3,56.9
0,376.0,19.6,7.4,86.0,7.3,89.0,1766.947595,3.44,0.677,12.3,56.2
0,411.0,19.1,8.5,83.0,7.5,88.0,1766.947595,4.4,0.677,12.3,54.5
0,437.0,18.6,9.4,9.0,7.6,91.0,1766.947595,4.07,0.677,12.3,53.1
0,449.0,18.1,10.0,9.0,7.7,91.0,1766.947595,3.94,0.677,12.3,52.2
0,454.0,17.7,10.8,95.0,7.8,95.0,1766.947595,3.81,0.677,12.3,51.5
0,459.0,17.2,11.5,95.0,7.9,97.0,1766.947595,2.34,0.677,12.3,58.0
0,46.0,16.8,12.1,89.0,8.0,91.0,1766.947595,3.37,0.677,12.3,52.0
0,46.0,16.4,12.5,87.0,8.2,65.0,1766.947595,4.09,0.677,12.3,49.6
0,457.0,16.0,12.8,79.0,8.3,64.0,1766.947595,3.89,0.677,12.3,49.2
1,13.0,69.6,0.1,95.0,0.8,93.0,1766.947595,3.755,0.677,12.3,79.3
1,14.0,69.1,0.1,95.0,0.8,93.0,1766.947595,8.82,0.677,12.3,79.1
1,16.0,68.6,0.1,94.0,0.7,93.0,1766.947595,8.82,0.677,12.3,78.9
1,16.0,68.0,0.1,94.0,0.7,93.0,1766.947595,8.82,0.677,12.3,78.8
1,16.0,67.5,0.1,96.0,0.7,94.0,1766.947595,8.67,0.677,12.3,78.7
1,15.0,66.9,0.1,95.0,0.7,93.0,1766.947595,8.55,0.677,12.3,78.7
1,18.0,66.3,0.1,95.0,0.7,93.0,1766.947595,8.71,0.677,12.3,78.5
1,18.0,65.7,0.1,96.0,0.7,94.0,1766.947595,8.74,0.677,12.3,78.2
1,11.0,65.1,0.1,96.0,0.7,93.0,1766.947595,8.74,0.677,12.3,78.1
1,113.0,64.4,0.1,96.0,0.7,93.0,1766.947595,8.63,0.677,12.3,77.8
1,112.0,63.8,0.1,96.0,0.7,92.0,1766.947595,8.52,0.677,12.3,77.5
1,111.0,63.1,0.1,96.0,0.7,92.0,1766.947595,8.48,0.677,12.3,77.5
1,114.0,62.4,0.1,96.0,0.7,91.0,1766.947595,8.4,0.677,12.3,77.2
1,115.0,61.7,0.1,94.0,0.8,9.0,1766.947595,8.33,0.677,12.3,77.0
1,115.0,6.9,0.1,94.0,0.8,89.0,1766.947595,8.25,0.677,12.3,76.9
1,114.0,6.1,0.1,94.0,0.8,9.0,1766.947595,8.21,0.677,12.3,76.8
0,116.0,64.0,0.1,95.0,1.5,95.0,15524.84247,3.755,0.794,15.5,77.0
0,117.0,63.4,0.1,95.0,1.5,95.0,16737.89827,6.03,0.791,15.5,76.8
0,117.0,62.9,0.1,94.0,1.5,94.0,16881.2568,5.82,0.788,15.5,76.8
0,118.0,62.3,0.1,95.0,1.5,95.0,1592.6819,5.77,0.784,15.5,76.5
0,111.0,61.8,0.1,95.0,1.5,95.0,14166.4998,5.97,0.78,15.5,77.0
0,118.0,61.2,0.1,95.0,1.5,95.0,11938.212,6.21,0.777,15.6,76.3
0,118.0,6.7,0.1,95.0,1.5,95.0,9415.17386,6.67,0.774,15.5,76.6
0,119.0,6.1,0.1,94.0,1.6,94.0,962.312164,6.76,0.77,15.7,76.4
0,124.0,59.5,0.1,94.0,1.6,94.0,79.69746,6.67,0.76,15.3,75.4
0,117.0,58.9,0.1,95.0,1.6,95.0,5877.87678,6.58,0.756,15.2,76.2
0,123.0,58.3,0.1,96.0,1.6,96.0,522.951116,6.35,0.753,15.5,75.7
0,122.0,57.7,0.1,94.0,1.7,95.0,4117.38853,5.66,0.75,15.5,75.4
0,121.0,57.0,0.1,91.0,1.7,91.0,3622.52284,5.11,0.747,15.0,75.4
0,124.0,56.3,0.1,95.0,1.7,93.0,488.768855,5.86,0.746,14.7,75.4
0,123.0,55.7,0.1,94.0,1.8,94.0,6281.37747,6.48,0.742,14.2,75.2
0,131.0,55.0,0.1,9.0,1.8,92.0,6871.897677,6.65,0.738,14.0,75.1
0,184.0,44.7,0.1,99.0,3.0,99.0,2137.576852,3.755,0.697,12.1,69.4
0,184.0,43.9,0.1,99.0,3.0,99.0,25.448414,0.01,0.69,12.1,69.2
0,185.0,43.0,0.1,99.0,3.0,99.0,197.551233,0.01,0.681,12.0,69.1
0,184.0,42.2,0.1,99.0,3.0,99.0,174.468298,0.01,0.673,12.0,68.8
0,183.0,41.4,0.1,99.0,3.0,99.0,1564.966945,2.83,0.664,12.0,68.5
0,183.0,4.7,0.2,99.0,3.0,99.0,1377.8214,2.73,0.657,11.9,68.3
0,183.0,4.0,0.2,98.0,3.1,99.0,1213.265328,2.56,0.651,11.8,68.0
0,184.0,39.3,0.3,98.0,3.1,98.0,182.28625,2.36,0.644,11.9,67.9
0,184.0,38.7,0.3,96.0,3.1,98.0,83.476942,2.15,0.631,11.8,67.8
0,185.0,38.1,0.4,96.0,3.2,94.0,654.2838373,1.96,0.626,11.8,67.6
0,192.0,37.5,0.3,99.0,3.2,99.0,546.776852,1.78,0.62,11.7,67.3
0,183.0,37.0,0.3,99.0,3.2,99.0,465.1198869,1.59,0.613,11.6,67.8
0,183.0,36.4,0.3,98.0,3.3,99.0,396.129969,1.54,0.607,11.3,67.2
0,186.0,35.9,0.2,99.0,3.3,99.0,383.3494997,1.47,0.6,11.0,67.1
0,185.0,35.3,0.2,99.0,3.4,99.0,456.734892,1.53,0.594,10.7,67.4
0,189.0,34.8,0.1,99.0,3.4,99.0,558.221144,1.6,0.0,10.6,67.1
0,13.0,53.3,0.1,64.0,1.5,65.0,285.83414,3.755,0.598,10.8,72.0
0,134.0,52.5,0.1,64.0,1.5,65.0,3148.36513,0.01,0.596,10.8,71.7
0,135.0,51.7,0.1,64.0,1.5,65.0,3167.34356,0.01,0.591,10.8,71.6
0,138.0,5.8,0.1,64.0,1.5,65.0,3158.58688,0.01,0.592,10.8,71.4
0,141.0,49.9,0.1,65.0,1.5,65.0,3275.91684,0.85,0.591,10.8,71.2
0,145.0,49.1,0.1,65.0,1.5,66.0,2965.82434,0.91,0.59,10.8,71.0
0,149.0,48.2,0.1,66.0,1.5,66.0,2643.441423,0.83,0.589,10.7,78.0
0,153.0,47.4,0.1,67.0,1.5,66.0,2697.961375,1.18,0.582,10.7,75.0
0,157.0,46.6,0.1,67.0,1.6,67.0,2393.367265,1.01,0.579,10.7,73.0
0,161.0,45.7,0.1,68.0,1.6,67.0,247.97823,1.0,0.572,10.6,71.0
0,165.0,44.9,0.1,68.0,1.6,67.0,1886.433359,0.88,0.0,10.6,69.9
0,169.0,44.1,0.1,69.0,1.6,67.0,1787.94723,0.85,0.0,10.7,69.6
0,173.0,43.3,0.1,69.0,1.6,67.0,158.52724,1.2,0.0,10.4,69.4
0,176.0,42.6,0.1,7.0,1.7,67.0,1353.934819,1.24,0.0,10.2,69.3
0,179.0,41.9,0.1,7.0,1.7,67.0,1362.61731,0.91,0.0,10.1,69.1
0,18.0,41.1,0.1,71.0,1.7,67.0,1469.849149,1.21,0.0,9.6,69.0
0,157.0,62.1,0.1,87.0,1.6,87.0,1766.947595,3.755,0.769,14.3,74.1
0,158.0,61.5,0.1,78.0,1.6,79.0,1766.947595,6.47,0.771,14.2,73.9
0,159.0,61.0,0.1,82.0,1.6,82.0,1766.947595,6.71,0.77,14.2,73.8
0,161.0,6.4,0.1,81.0,1.6,73.0,1766.947595,6.7,0.767,14.1,73.7
0,158.0,59.9,0.1,78.0,1.6,78.0,1766.947595,6.74,0.756,14.1,73.8
0,158.0,59.3,0.1,78.0,1.6,74.0,1766.947595,7.22,0.754,14.0,73.7
0,166.0,58.8,0.1,84.0,1.6,75.0,1766.947595,7.59,0.754,14.0,73.6
0,168.0,58.2,0.1,5.0,1.6,76.0,1766.947595,8.18,0.745,13.4,73.2
0,165.0,57.6,0.1,62.0,1.6,67.0,1766.947595,8.7,0.728,12.9,73.4
0,163.0,57.1,0.1,71.0,1.6,73.0,1766.947595,8.27,0.714,12.4,73.6
0,158.0,56.5,0.1,87.0,1.7,8.0,1766.947595,7.92,0.7,11.8,73.6
0,161.0,55.9,0.1,86.0,1.7,83.0,1766.947595,7.55,0.687,11.6,73.3
0,172.0,55.3,0.1,68.0,1.7,86.0,1766.947595,6.3,0.688,11.6,72.4
0,167.0,54.7,0.1,65.0,1.7,81.0,1766.947595,6.89,0.684,11.0,73.1
0,169.0,54.1,0.1,7.0,1.8,87.0,1766.947595,8.05,0.672,10.4,72.5
0,168.0,53.4,0.1,77.0,1.8,86.0,1766.947595,8.01,0.67,10.6,72.5
0,127.0,17.5,0.1,97.0,14.2,97.0,1766.947595,3.755,0.678,12.6,76.0
0,128.0,16.7,0.1,95.0,14.3,96.0,1766.947595,4.09,0.675,12.5,75.9
0,129.0,16.0,0.1,59.0,14.3,93.0,1766.947595,4.0,0.668,12.3,75.7
0,13.0,15.3,0.1,97.0,14.4,97.0,1766.947595,4.12,0.662,12.2,75.6
0,131.0,14.7,0.1,95.0,14.4,96.0,1766.947595,3.94,0.655,12.0,75.4
0,133.0,14.0,0.1,93.0,14.5,94.0,1766.947595,3.93,0.647,11.9,75.2
0,134.0,13.4,0.1,96.0,14.6,97.0,1766.947595,3.86,0.641,11.7,75.0
0,135.0,12.9,0.2,93.0,14.7,93.0,1766.947595,3.58,0.633,11.6,74.9
0,136.0,12.3,0.2,92.0,14.9,92.0,1766.947595,3.01,0.625,11.4,74.7
0,136.0,11.8,0.2,94.0,15.1,94.0,1766.947595,2.56,0.618,11.3,74.6
0,136.0,11.3,0.2,95.0,15.3,94.0,1766.947595,2.7,0.609,11.1,74.4
0,136.0,1.9,0.2,96.0,15.4,96.0,1766.947595,2.86,0.601,11.0,74.2
0,137.0,1.4,0.2,99.0,15.6,96.0,1766.947595,2.19,0.592,10.9,74.0
0,137.0,1.0,0.2,75.0,15.6,92.0,1766.947595,2.03,0.584,10.7,73.8
0,138.0,9.6,0.1,96.0,15.7,96.0,1766.947595,1.84,0.576,10.6,73.6
0,139.0,9.2,0.1,96.0,15.8,96.0,1766.947595,1.6,0.569,10.4,73.4
0,224.0,41.3,0.1,69.0,13.6,63.0,1766.947595,3.755,0.499,9.0,65.7
0,228.0,4.4,0.1,73.0,13.7,67.0,1766.947595,0.01,0.5,9.0,65.4
0,226.0,39.6,0.1,73.0,13.7,67.0,1766.947595,0.04,0.498,9.0,65.4
0,236.0,38.7,0.1,67.0,13.7,68.0,1766.947595,0.04,0.494,9.0,64.7
0,234.0,37.9,0.1,69.0,13.7,69.0,1766.947595,0.04,0.493,8.6,64.6
0,233.0,37.2,0.1,76.0,13.7,77.0,1766.947595,0.06,0.488,8.5,64.4
0,235.0,36.4,0.1,76.0,13.8,76.0,1766.947595,0.03,0.483,8.4,64.1
0,238.0,35.7,0.1,78.0,13.8,78.0,1766.947595,0.04,0.48,8.5,63.8
0,24.0,35.1,0.1,79.0,13.8,79.0,1766.947595,0.05,0.477,8.6,63.4
0,242.0,34.5,0.1,78.0,13.9,78.0,1766.947595,0.04,0.475,8.7,63.0
0,245.0,33.9,0.1,79.0,13.9,8.0,1766.947595,0.04,0.47,8.6,62.6
0,247.0,33.3,0.1,72.0,13.9,72.0,1766.947595,0.06,0.464,8.4,62.2
0,249.0,32.7,0.1,61.0,14.0,61.0,1766.947595,0.04,0.457,8.2,61.9
0,25.0,32.2,0.1,65.0,14.0,64.0,1766.947595,0.07,0.45,8.0,61.5
0,251.0,31.7,0.1,73.0,14.0,73.0,1766.947595,0.08,0.444,7.9,61.1
0,252.0,31.2,0.1,74.0,14.1,74.0,1766.947595,0.07,0.436,7.7,68.0
0,33.0,23.4,4.1,9.0,6.3,9.0,1313.889646,3.755,0.576,12.5,61.8
0,314.0,22.8,4.3,86.0,6.3,78.0,1738.8822,0.01,0.57,12.5,61.1
0,328.0,22.3,4.8,79.0,6.4,74.0,185.793359,2.41,0.565,12.5,63.0
0,349.0,21.7,5.6,78.0,6.5,7.0,1734.93612,2.59,0.554,12.3,59.2
0,366.0,21.2,6.3,81.0,6.6,83.0,1644.619672,2.57,0.543,12.0,58.2
0,363.0,2.7,6.8,83.0,6.7,8.0,1463.213573,2.47,0.533,11.8,58.0
0,368.0,2.2,9.1,94.0,6.7,93.0,1139.11233,2.3,0.518,11.6,57.4
0,45.0,19.7,11.9,87.0,6.8,9.0,1369.68249,2.12,0.504,11.4,55.7
0,487.0,19.2,13.6,8.0,6.9,77.0,114.587985,2.08,0.492,11.1,52.6
0,526.0,18.8,15.9,81.0,7.0,83.0,13.154199,2.25,0.479,10.9,58.0
0,554.0,18.4,17.0,82.0,7.1,84.0,691.3178164,2.33,0.467,10.7,49.3
0,578.0,18.0,17.6,83.0,7.2,84.0,53.2772217,2.46,0.456,10.5,47.9
0,64.0,17.6,18.2,83.0,7.3,85.0,429.1583434,2.33,0.443,10.2,46.4
0,69.0,17.3,18.4,84.0,7.4,85.0,377.135244,2.44,0.433,10.0,45.5
0,611.0,17.1,18.6,85.0,7.4,86.0,378.2736238,2.61,0.424,9.8,44.6
0,614.0,16.8,18.7,85.0,7.5,85.0,341.955625,2.62,0.418,9.6,43.8
0,336.0,31.8,6.2,87.0,5.6,88.0,118.69383,3.755,0.507,10.3,67.0
0,371.0,31.3,6.3,91.0,5.9,92.0,127.47462,6.5,0.498,10.3,59.2
0,399.0,3.8,6.8,95.0,6.2,95.0,111.227396,6.39,0.488,10.4,58.0
0,429.0,3.3,8.8,95.0,6.5,95.0,955.648466,6.09,0.464,9.8,56.6
0,464.0,29.9,13.3,93.0,6.8,93.0,839.927936,6.0,0.452,10.1,54.9
0,527.0,29.4,15.7,89.0,7.1,89.0,713.63562,5.21,0.436,10.0,52.4
0,587.0,29.0,18.1,73.0,7.5,69.0,65.824121,4.64,0.419,9.9,50.0
0,632.0,28.6,20.5,75.0,7.8,75.0,325.678573,3.56,0.421,9.7,48.2
0,67.0,28.2,23.7,73.0,8.2,73.0,396.9982166,3.88,0.414,9.6,46.6
0,7.0,27.9,26.8,7.0,8.6,71.0,414.796232,4.57,0.408,9.5,45.4
0,717.0,27.5,30.3,68.0,9.0,69.0,444.76575,4.14,0.406,9.3,44.6
0,723.0,27.1,33.6,65.0,9.4,67.0,454.366654,4.36,0.407,9.2,44.3
0,715.0,26.7,36.7,68.0,9.8,7.0,453.3511552,4.06,0.418,9.5,44.5
0,73.0,26.3,39.8,71.0,1.2,73.0,57.34834,4.43,0.427,10.0,44.8
0,686.0,25.9,42.1,75.0,1.6,76.0,548.587312,1.72,0.427,9.8,45.3
0,665.0,25.5,43.5,78.0,11.0,78.0,547.3588785,1.68,0.434,9.8,46.0
